Place Name,Municipal Website,Incorporation Date,Type of Government,County,Map,Populaton 2019 Rank,Populaton 2019 Estimate,Populaton Change,Populaton 2010 Census,Populaton Change,Populaton 2000 Census,Populaton 2019 Density mi_2 ,Populaton 2019 Density km_2 ,Area Land mi2 ,Area Land km2 ,Area Water mi2 ,Area Water km2 ,Area Total mi2 ,Area Total km2 ,Coordinates,lat,lon
Aguilar,Town of Aguilar,"January 10, 1894",statutory town,Las Animas County,map,200,480,_10.78%,538,_9.27%,593,1224 mi_2 ,472 km_2,0.392 mi2 ,1.016 km2,none,none,0.392 mi2 ,1.016 km2,37°24_13_N 104°39_18_W,37.40361111,-104.655
Akron,Town of Akron,"September 22, 1887",statutory town,Washington County seat,map,122,"1,723",1.23%,"1,702",_0.53%,"1,711",622 mi_2 ,240 km_2,2.772 mi2 ,7.180 km2,none,none,2.772 mi2 ,7.180 km2,40°09_48_N 103°13_13_W,40.16333333,-103.2202778
Alamosa,City of Alamosa,"August 12, 1878",home rule city,Alamosa County seat,map,50,"9,591",9.24%,"8,780",10.30%,"7,960",1262 mi_2 ,487 km_2,7.598 mi2 ,19.679 km2,0.074 mi2 ,0.192 km2,7.672 mi2 ,19.871 km2,37°28_31_N 105°52_37_W,37.47527778,-105.8769444
Alma,Town of Alma,"December 2, 1873",statutory town,Park County,map,217,313,15.93%,270,50.84%,179,721 mi_2 ,279 km_2,0.434 mi2 ,1.123 km2,0.002 mi2 ,0.006 km2,0.436 mi2 ,1.129 km2,39°17_09_N 106°04_01_W,39.28583333,-106.0669444
Antonito,Town of Antonito,"December 29, 1889",statutory town,Conejos County,map,173,747,_4.35%,781,_10.54%,873,1749 mi_2 ,676 km_2,0.427 mi2 ,1.105 km2,none,none,0.427 mi2 ,1.105 km2,37°04_34_N 106°00_37_W,37.07611111,-106.0102778
Arriba,Town of Arriba,"August 29, 1918",statutory town,Lincoln County,map,237,207,7.25%,193,_20.90%,244,415 mi_2 ,160 km_2,0.499 mi2 ,1.292 km2,none,none,0.499 mi2 ,1.292 km2,39°17_04_N 103°16_27_W,39.28444444,-103.2741667
Arvada,City of Arvada,"August 24, 1904",home rule city,"Jefferson County, Adams County",map,7,"121,272",13.94%,"106,433",4.19%,"102,153",3117 mi_2 ,1203 km_2,38.910 mi2 ,100.776 km2,0.660 mi2 ,1.709 km2,39.570 mi2 ,102.485 km2,39°49_55_N 105°09_04_W,39.83194444,-105.1511111
Aspen,City of Aspen,"April 1, 1881",home rule city,Pitkin County seat,map,61,"7,401",11.16%,"6,658",12.58%,"5,914",1918 mi_2 ,741 km_2,3.858 mi2 ,9.992 km2,none,none,3.858 mi2 ,9.992 km2,39°11_42_N 106°50_12_W,39.195,-106.8366667
Ault,Town of Ault,"April 11, 1904[a]",statutory town,Weld County,map,119,"1,871",23.17%,"1,519",6.08%,"1,432",1083 mi_2 ,418 km_2,1.728 mi2 ,4.476 km2,none,none,1.728 mi2 ,4.476 km2,40°35_21_N 104°44_21_W,40.58916667,-104.7391667
Aurora,City of Aurora,"May 5, 1903[b]",home rule city,"Arapahoe County, Adams County, Douglas County",map,3,"379,289",16.68%,"325,078",17.61%,"276,393",2369 mi_2 ,915 km_2,160.130 mi2 ,414.734 km2,0.575 mi2 ,1.489 km2,160.705 mi2 ,416.223 km2,39°42_30_N 104°43_26_W,39.70833333,-104.7238889
Avon,Town of Avon,"February 24, 1978",home rule town,Eagle County,map,69,"6,511",0.99%,"6,447",15.93%,"5,561",780 mi_2 ,301 km_2,8.349 mi2 ,21.625 km2,0.075 mi2 ,0.194 km2,8.424 mi2 ,21.819 km2,39°38_39_N 106°30_47_W,39.64416667,-106.5130556
Basalt,Town of Basalt,"August 26, 1901",home rule town,"Eagle County, Pitkin County",map,86,"4,157",7.78%,"3,857",43.86%,"2,681",2088 mi_2 ,806 km_2,1.991 mi2 ,5.158 km2,0.008 mi2 ,0.020 km2,1.999 mi2 ,5.178 km2,39°21_59_N 107°02_29_W,39.36638889,-107.0413889
Bayfield,Town of Bayfield,"August 18, 1906",statutory town,La Plata County,map,104,"2,689",15.26%,"2,333",50.61%,"1,549",1634 mi_2 ,631 km_2,1.646 mi2 ,4.264 km2,none,none,1.646 mi2 ,4.264 km2,37°14_03_N 107°35_43_W,37.23416667,-107.5952778
Bennett,Town of Bennett,"January 22, 1930",statutory town,"Adams County, Arapahoe County",map,99,"2,798",21.23%,"2,308",14.20%,"2,021",483 mi_2 ,186 km_2,5.795 mi2 ,15.008 km2,0.006 mi2 ,0.016 km2,5.801 mi2 ,15.024 km2,39°44_12_N 104°25_43_W,39.73666667,-104.4286111
Berthoud,Town of Berthoud,"August 28, 1888",statutory town,"Larimer County, Weld County",map,51,"9,094",78.14%,"5,105",5.50%,"4,839",703 mi_2 ,271 km_2,12.933 mi2 ,33.497 km2,0.134 mi2 ,0.347 km2,13.067 mi2 ,33.844 km2,40°18_26_N 105°02_33_W,40.30722222,-105.0425
Bethune,Town of Bethune,"June 10, 1926",statutory town,Kit Carson County,map,231,235,_0.84%,237,5.33%,225,1451 mi_2 ,560 km_2,0.162 mi2 ,0.420 km2,none,none,0.162 mi2 ,0.420 km2,39°18_14_N 102°25_24_W,39.30388889,-102.4233333
Black Hawk,City of Black Hawk,"June 12, 1886",home rule city,Gilpin County,map,250,128,8.47%,118,0.00%,118,48 mi_2 ,19 km_2,2.653 mi2 ,6.871 km2,none,none,2.653 mi2 ,6.871 km2,39°48_15_N 105°29_42_W,39.80416667,-105.495
Blanca,Town of Blanca,"May 18, 1910",statutory town,Costilla County,map,209,406,5.45%,385,_1.53%,391,221 mi_2 ,86 km_2,1.833 mi2 ,4.747 km2,none,none,1.833 mi2 ,4.747 km2,37°26_21_N 105°30_49_W,37.43916667,-105.5136111
Blue River[c],Town of Blue River,"May 17, 1905",statutory town,Summit County,map,156,921,8.48%,849,23.94%,685,374 mi_2 ,144 km_2,2.463 mi2 ,6.379 km2,0.100 mi2 ,0.258 km2,2.563 mi2 ,6.637 km2,39°26_09_N 106°02_07_W,39.43583333,-106.0352778
Bonanza[d],Town of Bonanza,"January 13, 1881[e]",statutory town,Saguache County,map,270,19,18.75%,16,14.29%,14,43 mi_2 ,17 km_2,0.437 mi2 ,1.133 km2,none,none,0.437 mi2 ,1.133 km2,38°17_48_N 106°08_31_W,38.29666667,-106.1419444
Boone,Town of Boone,"September 22, 1956",statutory town,Pueblo County,map,213,367,8.26%,339,4.95%,323,968 mi_2 ,374 km_2,0.379 mi2 ,0.981 km2,0.010 mi2 ,0.025 km2,0.389 mi2 ,1.006 km2,38°14_58_N 104°15_29_W,38.24944444,-104.2580556
Boulder,City of Boulder,"November 4, 1871[f]",home rule city,Boulder County seat,map,12,"105,673",8.51%,"97,385",2.86%,"94,673",4014 mi_2 ,1550 km_2,26.327 mi2 ,68.188 km2,1.038 mi2 ,2.689 km2,27.365 mi2 ,70.877 km2,40°01_29_N 105°15_09_W,40.02472222,-105.2525
Bow Mar,Town of Bow Mar,"August 1, 1958",statutory town,"Arapahoe County, Jefferson County",map,154,942,8.78%,866,2.24%,847,1423 mi_2 ,550 km_2,0.662 mi2 ,1.714 km2,0.151 mi2 ,0.390 km2,0.813 mi2 ,2.104 km2,39°37_31_N 105°03_04_W,39.62527778,-105.0511111
Branson,Town of Branson,"March 26, 1921",statutory town,Las Animas County,map,262,72,_2.70%,74,_3.90%,77,294 mi_2 ,114 km_2,0.245 mi2 ,0.634 km2,none,none,0.245 mi2 ,0.634 km2,37°00_56_N 103°53_02_W,37.01555556,-103.8838889
Breckenridge[g],Town of Breckenridge,"March 3, 1880",home rule town,Summit County seat,map,83,"4,945",8.92%,"4,540",88.54%,"2,408",818 mi_2 ,316 km_2,6.047 mi2 ,15.661 km2,none,none,6.047 mi2 ,15.661 km2,39°29_58_N 106°02_36_W,39.49944444,-106.0433333
Brighton,City of Brighton,"September 1, 1887",home rule city,"Adams County seat, Weld County",map,21,"41,554",24.59%,"33,352",59.54%,"20,905",1956 mi_2 ,755 km_2,21.247 mi2 ,55.030 km2,0.289 mi2 ,0.747 km2,21.536 mi2 ,55.777 km2,39°58_18_N 104°47_47_W,39.97166667,-104.7963889
Brookside[h],Town of Brookside,"March 27, 1905",statutory town,Fremont County,map,225,262,12.45%,233,6.39%,219,553 mi_2 ,214 km_2,0.474 mi2 ,1.227 km2,none,none,0.474 mi2 ,1.227 km2,38°24_49_N 105°11_27_W,38.41361111,-105.1908333
Broomfield,City and County of Broomfield,"June 6, 1961[i]",consolidated city and county,Broomfield[j],map,15,"70,465",26.08%,"55,889",46.03%,"38,272",2137 mi_2 ,825 km_2,32.968 mi2 ,85.387 km2,0.580 mi2 ,1.503 km2,33.548 mi2 ,86.890 km2,39°57_15_N 105°03_10_W,39.95416667,-105.0527778
Brush,City of Brush,"November 24, 1884",statutory city,Morgan County,map,77,"5,420",_0.79%,"5,463",6.76%,"5,117",1915 mi_2 ,739 km_2,2.831 mi2 ,7.331 km2,0.003 mi2 ,0.008 km2,2.834 mi2 ,7.339 km2,40°15_36_N 103°37_56_W,40.26,-103.6322222
Buena Vista,Town of Buena Vista,"November 8, 1879",statutory town,Chaffee County,map,98,"2,866",9.51%,"2,617",19.23%,"2,195",830 mi_2 ,321 km_2,3.452 mi2 ,8.942 km2,none,none,3.452 mi2 ,8.942 km2,38°49_55_N 106°08_19_W,38.83194444,-106.1386111
Burlington,City of Burlington,"January 12, 1888",home rule city,Kit Carson County seat,map,94,"3,140",_26.19%,"4,254",15.66%,"3,678",1459 mi_2 ,563 km_2,2.152 mi2 ,5.575 km2,none,none,2.152 mi2 ,5.575 km2,39°18_15_N 102°16_17_W,39.30416667,-102.2713889
Calhan,Town of Calhan,"May 10, 1919",statutory town,El Paso County,map,162,834,6.92%,780,_12.95%,896,1007 mi_2 ,389 km_2,0.828 mi2 ,2.144 km2,none,none,0.828 mi2 ,2.144 km2,39°02_04_N 104°17_58_W,39.03444444,-104.2994444
Campo,Town of Campo,"March 6, 1950",statutory town,Baca County,map,257,102,_6.42%,109,_27.33%,150,708 mi_2 ,273 km_2,0.144 mi2 ,0.374 km2,none,none,0.144 mi2 ,0.374 km2,37°06_17_N 102°34_44_W,37.10472222,-102.5788889
Cañon City,City of Cañon City,"April 3, 1872",home rule city,Fremont County seat,map,34,"16,725",1.98%,"16,400",6.28%,"15,431",1350 mi_2 ,521 km_2,12.392 mi2 ,32.095 km2,0.012 mi2 ,0.032 km2,12.404 mi2 ,32.127 km2,38°26_35_N 105°13_13_W,38.44305556,-105.2202778
Carbonate[k],Town of Carbonate,"April 13, 1883",statutory town,Garfield County,map,272,0,NA,0,NA,0,0 mi_2 ,0 km_2,0.992 mi2 ,2.569 km2,0.014 mi2 ,0.036 km2,1.006 mi2 ,2.605 km2,39°44_39_N 107°20_21_W,39.74416667,-107.3391667
Carbondale,Town of Carbondale,"April 26, 1888",home rule town,Garfield County,map,65,"6,898",7.33%,"6,427",23.69%,"5,196",3411 mi_2 ,1317 km_2,2.022 mi2 ,5.237 km2,none,none,2.022 mi2 ,5.237 km2,39°23_42_N 107°12_53_W,39.395,-107.2147222
Castle Pines,City of Castle Pines,"November 6, 2007[l]",home rule city,Douglas County,map,46,"10,763",NA,NA,NA,NA,1122 mi_2 ,433 km_2,9.594 mi2 ,24.849 km2,none,none,9.594 mi2 ,24.849 km2,39°27_45_N 104°52_14_W,39.4625,-104.8705556
Castle Rock,Town of Castle Rock,"May 17, 1881",home rule town,Douglas County seat,map,16,"68,484",41.99%,"48,231",138.48%,"20,224",1997 mi_2 ,771 km_2,34.290 mi2 ,88.811 km2,none,none,34.290 mi2 ,88.811 km2,39°22_34_N 104°51_13_W,39.37611111,-104.8536111
Cedaredge,Town of Cedaredge,"May 2, 1907",home rule town,Delta County,map,108,"2,295",1.86%,"2,253",21.52%,"1,854",1170 mi_2 ,452 km_2,1.961 mi2 ,5.078 km2,none,none,1.961 mi2 ,5.078 km2,38°53_39_N 107°55_32_W,38.89416667,-107.9255556
Centennial,City of Centennial,"February 7, 2001",home rule city,Arapahoe County,map,10,"110,937",10.52%,"100,377",NA,NA,3733 mi_2 ,1441 km_2,29.721 mi2 ,76.976 km2,0.146 mi2 ,0.379 km2,29.867 mi2 ,77.355 km2,39°35_33_N 104°52_02_W,39.5925,-104.8672222
Center,Town of Center,"January 18, 1907",statutory town,"Rio Grande County, Saguache County",map,109,"2,264",1.52%,"2,230",_6.77%,"2,392",2620 mi_2 ,1012 km_2,0.864 mi2 ,2.238 km2,none,none,0.864 mi2 ,2.238 km2,37°45_04_N 106°06_38_W,37.75111111,-106.1105556
Central City,City of Central,"June 12, 1886",home rule city,"Gilpin County seat, Clear Creek County",map,171,770,16.14%,663,28.74%,515,357 mi_2 ,138 km_2,2.1597 mi2 ,5.5937 km2,0.0001 mi2 ,0.0003 km2,2.1598 mi2 ,5.5940 km2,39°47_41_N 105°30_43_W,39.79472222,-105.5119444
Cheraw,Town of Cheraw,"April 17, 1917",statutory town,Otero County,map,229,249,_1.19%,252,19.43%,211,1383 mi_2 ,533 km_2,0.180 mi2 ,0.467 km2,0.003 mi2 ,0.007 km2,0.183 mi2 ,0.474 km2,38°06_27_N 103°30_40_W,38.1075,-103.5111111
Cherry Hills Village,City of Cherry Hills Village,"July 19, 1945",home rule city,Arapahoe County,map,67,"6,647",11.02%,"5,987",0.49%,"5,958",1072 mi_2 ,414 km_2,6.201 mi2 ,16.061 km2,0.075 mi2 ,0.194 km2,6.276 mi2 ,16.255 km2,39°38_15_N 104°56_53_W,39.6375,-104.9480556
Cheyenne Wells,Town of Cheyenne Wells,"May 14, 1890",statutory town,Cheyenne County seat,map,163,828,_2.13%,846,_16.24%,"1,010",774 mi_2 ,299 km_2,1.070 mi2 ,2.770 km2,none,none,1.070 mi2 ,2.770 km2,38°49_09_N 102°21_07_W,38.81916667,-102.3519444
Coal Creek,Town of Coal Creek,"February 11, 1882",statutory town,Fremont County,map,214,350,2.04%,343,13.20%,303,293 mi_2 ,113 km_2,1.194 mi2 ,3.092 km2,none,none,1.194 mi2 ,3.092 km2,38°21_44_N 105°08_32_W,38.36222222,-105.1422222
Cokedale,Town of Cokedale,"March 15, 1948",statutory town,Las Animas County,map,251,120,_6.98%,129,_7.19%,139,585 mi_2 ,226 km_2,0.205 mi2 ,0.531 km2,none,none,0.205 mi2 ,0.531 km2,37°08_39_N 104°37_18_W,37.14416667,-104.6216667
Collbran,Town of Collbran,"July 22, 1908",statutory town,Mesa County,map,178,698,_1.41%,708,82.47%,388,1251 mi_2 ,483 km_2,0.558 mi2 ,1.446 km2,none,none,0.558 mi2 ,1.446 km2,39°14_24_N 107°57_49_W,39.24,-107.9636111
Colorado Springs,City of Colorado Springs,"June 19, 1886",home rule city,El Paso County seat,map,2,"478,221",14.84%,"416,427",15.39%,"360,890",2447 mi_2 ,945 km_2,195.399 mi2 ,506.082 km2,0.362 mi2 ,0.937 km2,195.761 mi2 ,507.019 km2,38°52_03_N 104°45_38_W,38.8675,-104.7605556
Columbine Valley[m],Town of Columbine Valley,"July 2, 1959",statutory town,Arapahoe County,map,129,"1,499",19.35%,"1,256",10.95%,"1,132",1526 mi_2 ,589 km_2,0.982 mi2 ,2.543 km2,0.011 mi2 ,0.030 km2,0.993 mi2 ,2.573 km2,39°35_58_N 105°02_07_W,39.59944444,-105.0352778
Commerce City,City of Commerce City,"December 18, 1952[n]",home rule city,Adams County,map,18,"60,336",31.41%,"45,913",118.73%,"20,991",1676 mi_2 ,647 km_2,36.002 mi2 ,93.246 km2,0.397 mi2 ,1.027 km2,36.399 mi2 ,94.273 km2,39°51_51_N 104°50_35_W,39.86416667,-104.8430556
Cortez,City of Cortez,"November 10, 1902",home rule city,Montezuma County seat,map,54,"8,736",2.99%,"8,482",6.33%,"7,977",1402 mi_2 ,541 km_2,6.230 mi2 ,16.136 km2,0.043 mi2 ,0.113 km2,6.273 mi2 ,16.249 km2,37°21_01_N 108°34_36_W,37.35027778,-108.5766667
Craig,City of Craig,"July 15, 1908",home rule city,Moffat County seat,map,52,"9,022",_4.67%,"9,464",2.99%,"9,189",1778 mi_2 ,687 km_2,5.073 mi2 ,13.138 km2,none,none,5.073 mi2 ,13.138 km2,40°31_01_N 107°33_19_W,40.51694444,-107.5552778
Crawford,Town of Crawford,"December 19, 1910",statutory town,Delta County,map,203,433,0.46%,431,17.76%,366,1725 mi_2 ,665 km_2,0.251 mi2 ,0.651 km2,none,none,0.251 mi2 ,0.651 km2,38°42_18_N 107°36_35_W,38.705,-107.6097222
Creede,City of Creede[o],"May 19, 1892",statutory town,Mineral County seat,map,217,313,7.93%,290,_23.08%,377,329 mi_2 ,127 km_2,0.950 mi2 ,2.460 km2,none,none,0.950 mi2 ,2.460 km2,37°50_55_N 106°55_31_W,37.84861111,-106.9252778
Crested Butte,Town of Crested Butte,"July 15, 1880",home rule town,Gunnison County,map,122,"1,723",15.87%,"1,487",_2.75%,"1,529",2061 mi_2 ,795 km_2,0.836 mi2 ,2.166 km2,none,none,0.836 mi2 ,2.166 km2,38°52_03_N 106°58_38_W,38.8675,-106.9772222
Crestone,Town of Crestone,"January 24, 1902",statutory town,Saguache County,map,245,140,10.24%,127,73.97%,73,364 mi_2 ,141 km_2,0.385 mi2 ,0.996 km2,none,none,0.385 mi2 ,0.996 km2,37°59_40_N 105°41_46_W,37.99444444,-105.6961111
Cripple Creek,City of Cripple Creek,"June 9, 1892",statutory city,Teller County seat,map,135,"1,258",5.80%,"1,189",6.64%,"1,115",827 mi_2 ,319 km_2,1.522 mi2 ,3.941 km2,none,none,1.522 mi2 ,3.941 km2,38°44_48_N 105°11_06_W,38.74666667,-105.185
Crook,Town of Crook,"September 23, 1918",statutory town,Logan County,map,254,109,_0.91%,110,_14.06%,128,807 mi_2 ,312 km_2,0.135 mi2 ,0.349 km2,none,none,0.135 mi2 ,0.349 km2,40°51_32_N 102°48_05_W,40.85888889,-102.8013889
Crowley,Town of Crowley,"October 10, 1921",statutory town,Crowley County,map,240,175,_0.57%,176,_5.88%,187,778 mi_2 ,300 km_2,0.225 mi2 ,0.584 km2,none,none,0.225 mi2 ,0.584 km2,38°11_37_N 103°51_35_W,38.19361111,-103.8597222
Dacono,City of Dacono,"September 23, 1908",home rule city,Weld County,map,74,"6,034",45.33%,"4,152",37.71%,"3,015",686 mi_2 ,265 km_2,8.790 mi2 ,22.766 km2,0.006 mi2 ,0.016 km2,8.796 mi2 ,22.782 km2,40°03_44_N 104°56_52_W,40.06222222,-104.9477778
De Beque,Town of De Beque,"January 18, 1890",statutory town,Mesa County,map,194,518,2.78%,504,11.75%,451,190 mi_2 ,73 km_2,2.727 mi2 ,7.063 km2,0.051 mi2 ,0.133 km2,2.778 mi2 ,7.196 km2,39°18_37_N 108°12_18_W,39.31027778,-108.205
Deer Trail,Town of Deer Trail,"February 3, 1920",statutory town,Arapahoe County,map,166,800,46.52%,546,_8.70%,598,681 mi_2 ,263 km_2,1.175 mi2 ,3.044 km2,0.004 mi2 ,0.011 km2,1.179 mi2 ,3.055 km2,39°36_54_N 104°02_36_W,39.615,-104.0433333
Del Norte,Town of Del Norte,"November 15, 1895",statutory town,Rio Grande County seat,map,125,"1,568",_7.00%,"1,686",_1.11%,"1,705",1595 mi_2 ,616 km_2,0.983 mi2 ,2.547 km2,none,none,0.983 mi2 ,2.547 km2,37°40_42_N 106°21_14_W,37.67833333,-106.3538889
Delta,City of Delta,"October 24, 1882",home rule city,Delta County seat,map,53,"8,995",0.90%,"8,915",39.30%,"6,400",678 mi_2 ,262 km_2,13.274 mi2 ,34.378 km2,0.257 mi2 ,0.665 km2,13.531 mi2 ,35.043 km2,38°45_22_N 108°04_38_W,38.75611111,-108.0772222
Denver[p][q],City and County of Denver,"December 3, 1859[r]",consolidated city and county,Denver[s],map,1,"727,211",21.17%,"600,158",8.21%,"554,636",4751 mi_2 ,1834 km_2,153.075 mi2 ,396.463 km2,1.651 mi2 ,4.276 km2,154.726 mi2 ,400.739 km2,39°45_43_N 104°52_34_W,39.76194444,-104.8761111
Dillon,Town of Dillon,"January 26, 1883",home rule town,Summit County,map,150,967,6.97%,904,12.72%,802,647 mi_2 ,250 km_2,1.494 mi2 ,3.869 km2,0.830 mi2 ,2.149 km2,2.324 mi2 ,6.018 km2,39°37_17_N 106°02_22_W,39.62138889,-106.0394444
Dinosaur,Town of Dinosaur,"December 18, 1947[t]",statutory town,Moffat County,map,216,332,_2.06%,339,6.27%,319,357 mi_2 ,138 km_2,0.930 mi2 ,2.408 km2,none,none,0.930 mi2 ,2.408 km2,40°14_23_N 109°00_24_W,40.23972222,-109.0066667
Dolores,Town of Dolores,"July 19, 1900",statutory town,Montezuma County,map,153,955,2.03%,936,9.22%,857,1438 mi_2 ,555 km_2,0.664 mi2 ,1.721 km2,none,none,0.664 mi2 ,1.721 km2,37°28_27_N 108°30_00_W,37.47416667,-108.5
Dove Creek,Town of Dove Creek,"June 15, 1939",statutory town,Dolores County seat,map,184,634,_13.74%,735,5.30%,698,1108 mi_2 ,428 km_2,0.572 mi2 ,1.483 km2,none,none,0.572 mi2 ,1.483 km2,37°46_01_N 108°54_26_W,37.76694444,-108.9072222
Durango,City of Durango,"April 27, 1881",home rule city,La Plata County seat,map,33,"18,973",12.35%,"16,887",21.30%,"13,922",1290 mi_2 ,498 km_2,14.708 mi2 ,38.093 km2,2.395 mi2 ,6.203 km2,17.103 mi2 ,44.296 km2,37°15_57_N 107°52_42_W,37.26583333,-107.8783333
Eads,Town of Eads,"January 29, 1916",statutory town,Kiowa County seat,map,186,602,_1.15%,609,_18.47%,747,1259 mi_2 ,487 km_2,0.478 mi2 ,1.237 km2,none,none,0.478 mi2 ,1.237 km2,38°28_53_N 102°46_47_W,38.48138889,-102.7797222
Eagle,Town of Eagle,"April 5, 1905",statutory town,Eagle County seat,map,64,"6,986",7.34%,"6,508",114.64%,"3,032",1238 mi_2 ,478 km_2,5.641 mi2 ,14.611 km2,0.020 mi2 ,0.052 km2,5.661 mi2 ,14.663 km2,39°38_12_N 106°48_45_W,39.63666667,-106.8125
Eaton,Town of Eaton,"December 5, 1892",statutory town,Weld County,map,75,"5,738",31.45%,"4,365",62.27%,"2,690",1816 mi_2 ,701 km_2,3.160 mi2 ,8.185 km2,none,none,3.160 mi2 ,8.185 km2,40°31_32_N 104°42_47_W,40.52555556,-104.7130556
Eckley,Town of Eckley,"June 16, 1920",statutory town,Yuma County,map,227,258,0.39%,257,_7.55%,278,545 mi_2 ,211 km_2,0.473 mi2 ,1.225 km2,none,none,0.473 mi2 ,1.225 km2,40°06_44_N 102°29_18_W,40.11222222,-102.4883333
Edgewater,City of Edgewater,"November 5, 1904",home rule city,Jefferson County,map,79,"5,335",3.19%,"5,170",_5.05%,"5,445",7676 mi_2 ,2966 km_2,0.695 mi2 ,1.799 km2,none,none,0.695 mi2 ,1.799 km2,39°45_03_N 105°03_45_W,39.75083333,-105.0625
Elizabeth,Town of Elizabeth,"October 9, 1890",statutory town,Elbert County,map,126,"1,566",15.32%,"1,358",_5.30%,"1,434",783 mi_2 ,302 km_2,1.999 mi2 ,5.178 km2,none,none,1.999 mi2 ,5.178 km2,39°21_32_N 104°37_10_W,39.35888889,-104.6194444
Empire,Town of Empire,"April 12, 1882",statutory town,Clear Creek County,map,219,304,7.80%,282,_20.56%,355,1130 mi_2 ,437 km_2,0.269 mi2 ,0.695 km2,0.002 mi2 ,0.006 km2,0.271 mi2 ,0.701 km2,39°45_34_N 105°40_56_W,39.75944444,-105.6822222
Englewood,City of Englewood,"May 9, 1903",home rule city,Arapahoe County,map,23,"34,917",15.41%,"30,255",_4.64%,"31,727",5319 mi_2 ,2054 km_2,6.564 mi2 ,17.002 km2,0.088 mi2 ,0.227 km2,6.652 mi2 ,17.229 km2,39°38_48_N 104°59_39_W,39.64666667,-104.9941667
Erie,Town of Erie,"November 15, 1885",statutory town,"Boulder County, Weld County",map,28,"27,003",48.90%,"18,135",188.27%,"6,291",1368 mi_2 ,528 km_2,19.737 mi2 ,51.118 km2,0.101 mi2 ,0.261 km2,19.838 mi2 ,51.379 km2,40°02_25_N 105°02_24_W,40.04027778,-105.04
Estes Park,Town of Estes Park,"April 17, 1917",statutory town,Larimer County,map,71,"6,426",9.70%,"5,858",8.22%,"5,413",942 mi_2 ,364 km_2,6.822 mi2 ,17.668 km2,0.075 mi2 ,0.194 km2,6.897 mi2 ,17.862 km2,40°22_12_N 105°31_18_W,40.37,-105.5216667
Evans,City of Evans,"November 15, 1885",home rule city,Weld County,map,29,"21,205",14.39%,"18,537",94.84%,"9,514",2083 mi_2 ,804 km_2,10.182 mi2 ,26.372 km2,0.344 mi2 ,0.891 km2,10.526 mi2 ,27.263 km2,40°21_58_N 104°44_20_W,40.36611111,-104.7388889
Fairplay,Town of Fairplay,"November 15, 1872",statutory town,Park County seat,map,167,787,15.91%,679,11.31%,610,686 mi_2 ,265 km_2,1.147 mi2 ,2.971 km2,0.009 mi2 ,0.024 km2,1.156 mi2 ,2.995 km2,39°13_28_N 105°59_48_W,39.22444444,-105.9966667
Federal Heights,City of Federal Heights,"May 19, 1940",home rule city,Adams County,map,44,"12,827",11.86%,"11,467",_4.96%,"12,065",7222 mi_2 ,2789 km_2,1.776 mi2 ,4.599 km2,0.002 mi2 ,0.005 km2,1.778 mi2 ,4.604 km2,39°51_54_N 105°00_56_W,39.865,-105.0155556
Firestone,Town of Firestone,"October 8, 1908",statutory town,Weld County,map,35,"16,177",59.43%,"10,147",431.81%,"1,908",1192 mi_2 ,460 km_2,13.568 mi2 ,35.141 km2,0.659 mi2 ,1.708 km2,14.227 mi2 ,36.849 km2,40°09_23_N 104°56_58_W,40.15638889,-104.9494444
Flagler,Town of Flagler,"November 2, 1916",statutory town,Kit Carson County,map,190,549,_2.14%,561,_8.33%,612,401 mi_2 ,155 km_2,1.370 mi2 ,3.547 km2,none,none,1.370 mi2 ,3.547 km2,39°17_41_N 103°04_33_W,39.29472222,-103.0758333
Fleming,Town of Fleming,"May 5, 1917",statutory town,Logan County,map,210,404,_0.98%,408,_4.23%,426,826 mi_2 ,319 km_2,0.489 mi2 ,1.267 km2,none,none,0.489 mi2 ,1.267 km2,40°40_55_N 102°50_23_W,40.68194444,-102.8397222
Florence,City of Florence,"September 13, 1887",statutory city,Fremont County,map,88,"3,944",1.62%,"3,881",6.24%,"3,653",922 mi_2 ,356 km_2,4.276 mi2 ,11.076 km2,0.006 mi2 ,0.015 km2,4.282 mi2 ,11.091 km2,38°23_01_N 105°06_41_W,38.38361111,-105.1113889
Fort Collins,City of Fort Collins,"February 12, 1883",home rule city,Larimer County seat,map,4,"170,243",18.24%,"143,986",21.35%,"118,652",2976 mi_2 ,1149 km_2,57.212 mi2 ,148.179 km2,1.261 mi2 ,3.265 km2,58.473 mi2 ,151.444 km2,40°32_51_N 105°03_56_W,40.5475,-105.0655556
Fort Lupton,City of Fort Lupton,"January 15, 1890",statutory city,Weld County,map,55,"8,317",12.74%,"7,377",8.69%,"6,787",685 mi_2 ,264 km_2,12.146 mi2 ,31.459 km2,0.053 mi2 ,0.137 km2,12.199 mi2 ,31.596 km2,40°04_58_N 104°48_25_W,40.08277778,-104.8069444
Fort Morgan,City of Fort Morgan,"June 15, 1887",home rule city,Morgan County seat,map,45,"11,463",1.31%,"11,315",2.55%,"11,034",2149 mi_2 ,830 km_2,5.334 mi2 ,13.815 km2,0.069 mi2 ,0.178 km2,5.403 mi2 ,13.993 km2,40°15_13_N 103°47_25_W,40.25361111,-103.7902778
Fountain,City of Fountain,"April 23, 1903",home rule city,El Paso County,map,25,"30,735",18.92%,"25,846",70.07%,"15,197",1366 mi_2 ,527 km_2,22.501 mi2 ,58.277 km2,0.025 mi2 ,0.064 km2,22.526 mi2 ,58.341 km2,38°41_18_N 104°40_58_W,38.68833333,-104.6827778
Fowler,Town of Fowler,"August 25, 1900",statutory town,Otero County,map,140,"1,141",_3.47%,"1,182",_1.99%,"1,206",2041 mi_2 ,788 km_2,0.559 mi2 ,1.448 km2,0.004 mi2 ,0.010 km2,0.563 mi2 ,1.458 km2,38°07_50_N 104°01_35_W,38.13055556,-104.0263889
Foxfield,Town of Foxfield,"December 15, 1994",statutory town,Arapahoe County,map,168,782,14.16%,685,_8.18%,746,591 mi_2 ,228 km_2,1.323 mi2 ,3.427 km2,none,none,1.323 mi2 ,3.427 km2,39°35_17_N 104°47_09_W,39.58805556,-104.7858333
Fraser,Town of Fraser,"June 15, 1953",statutory town,Grand County,map,134,"1,326",8.33%,"1,224",34.51%,910,384 mi_2 ,148 km_2,3.457 mi2 ,8.953 km2,0.005 mi2 ,0.013 km2,3.462 mi2 ,8.966 km2,39°55_49_N 105°48_11_W,39.93027778,-105.8030556
Frederick,Town of Frederick,"September 9, 1908",statutory town,Weld County,map,39,"13,960",60.85%,"8,679",251.80%,"2,467",925 mi_2 ,357 km_2,15.096 mi2 ,39.099 km2,0.125 mi2 ,0.324 km2,15.221 mi2 ,39.423 km2,40°06_32_N 104°58_12_W,40.10888889,-104.97
Frisco,Town of Frisco,"December 3, 1880",home rule town,Summit County,map,93,"3,174",18.30%,"2,683",9.82%,"2,443",1898 mi_2 ,733 km_2,1.672 mi2 ,4.331 km2,0.107 mi2 ,0.278 km2,1.779 mi2 ,4.609 km2,39°34_45_N 106°05_30_W,39.57916667,-106.0916667
Fruita,City of Fruita,"April 18, 1894",home rule city,Mesa County,map,40,"13,478",6.58%,"12,646",95.21%,"6,478",1708 mi_2 ,659 km_2,7.892 mi2 ,20.439 km2,0.291 mi2 ,0.754 km2,8.183 mi2 ,21.193 km2,39°09_17_N 108°43_50_W,39.15472222,-108.7305556
Garden City,Town of Garden City,"September 14, 1936",statutory town,Weld County,map,224,267,14.10%,234,_34.45%,357,2363 mi_2 ,914 km_2,0.113 mi2 ,0.292 km2,none,none,0.113 mi2 ,0.292 km2,40°23_41_N 104°41_22_W,40.39472222,-104.6894444
Genoa,Town of Genoa,"July 27, 1905",statutory town,Lincoln County,map,244,148,6.47%,139,_34.12%,211,477 mi_2 ,184 km_2,0.310 mi2 ,0.804 km2,none,none,0.310 mi2 ,0.804 km2,39°16_42_N 103°29_55_W,39.27833333,-103.4986111
Georgetown,Town of Georgetown,"January 10, 1868",territorial charter municipality,Clear Creek County seat,map,143,"1,112",7.54%,"1,034",_4.96%,"1,088",1115 mi_2 ,431 km_2,0.997 mi2 ,2.583 km2,0.101 mi2 ,0.262 km2,1.098 mi2 ,2.845 km2,39°43_05_N 105°41_39_W,39.71805556,-105.6941667
Gilcrest,Town of Gilcrest,"March 18, 1912",statutory town,Weld County,map,144,"1,106",6.96%,"1,034",_11.02%,"1,162",1364 mi_2 ,527 km_2,0.811 mi2 ,2.100 km2,none,none,0.811 mi2 ,2.100 km2,40°17_03_N 104°46_55_W,40.28416667,-104.7819444
Glendale,City of Glendale,"May 19, 1952",home rule city,Arapahoe County,map,81,"5,141",22.87%,"4,184",_7.98%,"4,547",9051 mi_2 ,3493 km_2,0.568 mi2 ,1.472 km2,0.002 mi2 ,0.006 km2,0.570 mi2 ,1.478 km2,39°42_13_N 104°56_07_W,39.70361111,-104.9352778
Glenwood Springs,City of Glenwood Springs,"September 4, 1885",home rule city,Garfield County seat,map,48,"9,930",3.29%,"9,614",24.28%,"7,736",1702 mi_2 ,657 km_2,5.835 mi2 ,15.114 km2,0.009 mi2 ,0.022 km2,5.844 mi2 ,15.136 km2,39°32_44_N 107°20_05_W,39.54555556,-107.3347222
Golden,City of Golden,"January 2, 1871[u]",home rule city,Jefferson County seat,map,31,"20,767",10.07%,"18,867",9.95%,"17,159",2156 mi_2 ,832 km_2,9.634 mi2 ,24.953 km2,0.093 mi2 ,0.240 km2,9.727 mi2 ,25.193 km2,39°44_26_N 105°12_43_W,39.74055556,-105.2119444
Granada,Town of Granada,"July 25, 1887",statutory town,Prowers County,map,198,503,_2.71%,517,_19.22%,640,734 mi_2 ,283 km_2,0.685 mi2 ,1.775 km2,none,none,0.685 mi2 ,1.775 km2,38°03_47_N 102°18_42_W,38.06305556,-102.3116667
Granby,Town of Granby,"December 11, 1905",statutory town,Grand County,map,115,"2,139",14.75%,"1,864",22.23%,"1,525",169 mi_2 ,65 km_2,12.681 mi2 ,32.845 km2,none,none,12.681 mi2 ,32.845 km2,40°03_53_N 105°55_10_W,40.06472222,-105.9194444
Grand Junction,City of Grand Junction,"July 22, 1882",home rule city,Mesa County seat,map,17,"63,597",8.59%,"58,566",39.49%,"41,986",1605 mi_2 ,620 km_2,39.634 mi2 ,102.652 km2,0.443 mi2 ,1.147 km2,40.077 mi2 ,103.799 km2,39°05_16_N 108°34_03_W,39.08777778,-108.5675
Grand Lake,Town of Grand Lake,"June 23, 1944",statutory town,Grand County,map,196,506,7.43%,471,5.37%,447,490 mi_2 ,189 km_2,1.032 mi2 ,2.672 km2,0.003 mi2 ,0.007 km2,1.035 mi2 ,2.679 km2,40°15_01_N 105°49_23_W,40.25027778,-105.8230556
Greeley,City of Greeley,"November 15, 1885",home rule city,Weld County seat,map,11,"108,649",16.97%,"92,889",20.74%,"76,930",2220 mi_2 ,857 km_2,48.933 mi2 ,126.735 km2,0.160 mi2 ,0.413 km2,49.093 mi2 ,127.148 km2,40°24_54_N 104°46_14_W,40.415,-104.7705556
Green Mountain Falls,Town of Green Mountain Falls,"August 19, 1880",statutory town,El Paso County,map,175,722,12.81%,640,_17.21%,773,657 mi_2 ,254 km_2,1.099 mi2 ,2.847 km2,0.002 mi2 ,0.004 km2,1.101 mi2 ,2.851 km2,38°56_04_N 105°01_26_W,38.93444444,-105.0238889
Greenwood Village,City of Greenwood Village,"September 19, 1950",home rule city,Arapahoe County,map,36,"15,735",13.00%,"13,925",26.19%,"11,035",1903 mi_2 ,735 km_2,8.267 mi2 ,21.412 km2,0.012 mi2 ,0.032 km2,8.279 mi2 ,21.444 km2,39°36_55_N 104°54_47_W,39.61527778,-104.9130556
Grover,Town of Grover,"October 6, 1916",statutory town,Weld County,map,243,153,11.68%,137,_10.46%,153,257 mi_2 ,99 km_2,0.595 mi2 ,1.542 km2,none,none,0.595 mi2 ,1.542 km2,40°52_09_N 104°13_33_W,40.86916667,-104.2258333
Gunnison,City of Gunnison,"March 1, 1880",home rule city,Gunnison County seat,map,68,"6,640",13.43%,"5,854",8.23%,"5,409",1369 mi_2 ,529 km_2,4.849 mi2 ,12.558 km2,none,none,4.849 mi2 ,12.558 km2,38°32_53_N 106°55_29_W,38.54805556,-106.9247222
Gypsum,Town of Gypsum,"November 25, 1911",home rule town,Eagle County,map,62,"7,375",13.86%,"6,477",77.26%,"3,654",833 mi_2 ,322 km_2,8.851 mi2 ,22.924 km2,0.115 mi2 ,0.298 km2,8.966 mi2 ,23.222 km2,39°37_43_N 106°56_06_W,39.62861111,-106.935
Hartman,Town of Hartman,"May 14, 1910",statutory town,Prowers County,map,260,75,_7.41%,81,_27.03%,111,274 mi_2 ,105 km_2,0.274 mi2 ,0.711 km2,none,none,0.274 mi2 ,0.711 km2,38°07_16_N 102°13_18_W,38.12111111,-102.2216667
Haswell,Town of Haswell,"September 2, 1920",statutory town,Kiowa County,map,265,68,0.00%,68,_19.05%,84,85 mi_2 ,33 km_2,0.803 mi2 ,2.079 km2,none,none,0.803 mi2 ,2.079 km2,38°27_09_N 103°09_54_W,38.4525,-103.165
Haxtun,Town of Haxtun,"July 30, 1909",statutory town,Phillips County,map,158,904,_4.44%,946,_3.67%,982,1519 mi_2 ,586 km_2,0.595 mi2 ,1.542 km2,none,none,0.595 mi2 ,1.542 km2,40°38_31_N 102°37_47_W,40.64194444,-102.6297222
Hayden,Town of Hayden,"May 5, 1906",home rule town,Routt County,map,117,"1,979",9.34%,"1,810",10.77%,"1,634",604 mi_2 ,233 km_2,3.278 mi2 ,8.490 km2,none,none,3.278 mi2 ,8.490 km2,40°29_06_N 107°14_21_W,40.485,-107.2391667
Hillrose,Town of Hillrose,"May 20, 1919",statutory town,Morgan County,map,226,260,_1.52%,264,3.94%,254,1376 mi_2 ,533 km_2,0.189 mi2 ,0.488 km2,none,none,0.189 mi2 ,0.488 km2,40°19_28_N 103°31_20_W,40.32444444,-103.5222222
Holly,Town of Holly,"September 4, 1903",statutory town,Prowers County,map,170,774,_3.49%,802,_23.47%,"1,048",1070 mi_2 ,413 km_2,0.7234 mi2 ,1.8737 km2,0.0010 mi2 ,0.0026 km2,0.7244 mi2 ,1.8763 km2,38°03_19_N 102°07_29_W,38.05527778,-102.1247222
Holyoke,City of Holyoke,"May 31, 1888",home rule city,Phillips County seat,map,112,"2,208",_4.54%,"2,313",2.30%,"2,261",894 mi_2 ,345 km_2,2.470 mi2 ,6.396 km2,0.007 mi2 ,0.018 km2,2.477 mi2 ,6.414 km2,40°34_55_N 102°17_51_W,40.58194444,-102.2975
Hooper,Town of Hooper,"May 20, 1898",statutory town,Alamosa County,map,258,100,_2.91%,103,_16.26%,123,397 mi_2 ,153 km_2,0.252 mi2 ,0.653 km2,none,none,0.252 mi2 ,0.653 km2,37°44_46_N 105°52_40_W,37.74611111,-105.8777778
Hot Sulphur Springs,Town of Hot Sulphur Springs,"April 1, 1903",statutory town,Grand County seat,map,174,733,10.56%,663,27.26%,521,953 mi_2 ,368 km_2,0.769 mi2 ,1.992 km2,none,none,0.769 mi2 ,1.992 km2,40°04_30_N 106°06_11_W,40.075,-106.1030556
Hotchkiss,Town of Hotchkiss,"March 14, 1901",statutory town,Delta County,map,155,928,_1.69%,944,_2.48%,968,1002 mi_2 ,387 km_2,0.926 mi2 ,2.399 km2,none,none,0.926 mi2 ,2.399 km2,38°47_56_N 107°42_48_W,38.79888889,-107.7133333
Hudson,Town of Hudson,"April 2, 1914",home rule municipality,Weld County,map,100,"2,767",17.44%,"2,356",50.54%,"1,565",469 mi_2 ,181 km_2,5.896 mi2 ,15.271 km2,0.079 mi2 ,0.204 km2,5.975 mi2 ,15.475 km2,40°05_24_N 104°37_15_W,40.09,-104.6208333
Hugo,Town of Hugo,"June 21, 1909",statutory town,Lincoln County seat,map,169,777,6.44%,730,_17.51%,885,852 mi_2 ,329 km_2,0.912 mi2 ,2.362 km2,none,none,0.912 mi2 ,2.362 km2,39°08_10_N 103°28_23_W,39.13611111,-103.4730556
Idaho Springs,City of Idaho Springs,"November 15, 1885",statutory city,Clear Creek County,map,121,"1,786",4.02%,"1,717",_9.11%,"1,889",793 mi_2 ,306 km_2,2.253 mi2 ,5.835 km2,0.034 mi2 ,0.089 km2,2.287 mi2 ,5.924 km2,39°44_40_N 105°30_00_W,39.74444444,-105.5
Ignacio[v],Town of Ignacio,"July 7, 1913",statutory town,La Plata County,map,157,908,30.27%,697,4.19%,669,1773 mi_2 ,685 km_2,0.512 mi2 ,1.325 km2,none,none,0.512 mi2 ,1.325 km2,37°07_05_N 107°38_15_W,37.11805556,-107.6375
Iliff,Town of Iliff,"February 20, 1906",statutory town,Logan County,map,223,268,0.75%,266,24.88%,213,1403 mi_2 ,541 km_2,0.191 mi2 ,0.495 km2,none,none,0.191 mi2 ,0.495 km2,40°45_33_N 103°03_58_W,40.75916667,-103.0661111
Jamestown,Town of Jamestown,"June 22, 1883",statutory town,Boulder County,map,229,249,_9.12%,274,33.66%,205,433 mi_2 ,167 km_2,0.5748 mi2 ,1.4887 km2,0.0004 mi2 ,0.0011 km2,0.5752 mi2 ,1.4898 km2,40°07_06_N 105°23_30_W,40.11833333,-105.3916667
Johnstown,Town of Johnstown,"May 13, 1907",home rule town,Weld County,map,37,"15,198",53.72%,"9,887",158.35%,"3,827",1102 mi_2 ,425 km_2,13.792 mi2 ,35.722 km2,0.086 mi2 ,0.223 km2,13.878 mi2 ,35.945 km2,40°20_59_N 104°56_54_W,40.34972222,-104.9483333
Julesburg,Town of Julesburg,"November 18, 1886",statutory town,Sedgwick County seat,map,138,"1,152",_5.96%,"1,225",_16.50%,"1,467",762 mi_2 ,294 km_2,1.512 mi2 ,3.916 km2,none,none,1.512 mi2 ,3.916 km2,40°59_06_N 102°15_46_W,40.985,-102.2627778
Keenesburg,Town of Keenesburg,"June 4, 1919",statutory town,Weld County,map,136,"1,237",9.76%,"1,127",31.81%,855,164 mi_2 ,63 km_2,7.540 mi2 ,19.529 km2,0.026 mi2 ,0.067 km2,7.566 mi2 ,19.596 km2,40°07_58_N 104°32_17_W,40.13277778,-104.5380556
Kersey,Town of Kersey,"December 3, 1908",statutory town,Weld County,map,124,"1,681",15.61%,"1,454",4.68%,"1,389",831 mi_2 ,321 km_2,2.022 mi2 ,5.236 km2,0.005 mi2 ,0.012 km2,2.027 mi2 ,5.248 km2,40°23_27_N 104°34_46_W,40.39083333,-104.5794444
Kim,Town of Kim,"March 24, 1905",statutory town,Las Animas County,map,263,70,_5.41%,74,13.85%,65,185 mi_2 ,71 km_2,0.379 mi2 ,0.981 km2,none,none,0.379 mi2 ,0.981 km2,37°14_49_N 103°21_12_W,37.24694444,-103.3533333
Kiowa,Town of Kiowa,"December 30, 1912",home rule town,Elbert County seat,map,172,761,5.26%,723,24.44%,581,883 mi_2 ,341 km_2,0.862 mi2 ,2.231 km2,none,none,0.862 mi2 ,2.231 km2,39°20_37_N 104°27_28_W,39.34361111,-104.4577778
Kit Carson,Town of Kit Carson,"July 13, 1931",statutory town,Cheyenne County,map,233,231,_0.86%,233,_7.91%,253,396 mi_2 ,153 km_2,0.584 mi2 ,1.513 km2,none,none,0.584 mi2 ,1.513 km2,38°45_46_N 102°47_43_W,38.76277778,-102.7952778
Kremmling,Town of Kremmling,"May 14, 1904",statutory town,Grand County,map,128,"1,524",5.54%,"1,444",_8.49%,"1,578",1165 mi_2 ,450 km_2,1.308 mi2 ,3.389 km2,none,none,1.308 mi2 ,3.389 km2,40°03_24_N 106°22_42_W,40.05666667,-106.3783333
La Jara,Town of La Jara,"November 11, 1910",statutory town,Conejos County,map,164,817,_0.12%,818,_6.73%,877,2002 mi_2 ,774 km_2,0.408 mi2 ,1.056 km2,none,none,0.408 mi2 ,1.056 km2,37°16_25_N 105°57_35_W,37.27361111,-105.9597222
La Junta,City of La Junta,"April 23, 1881",home rule city,Otero County seat,map,66,"6,881",_2.77%,"7,077",_6.49%,"7,568",2160 mi_2 ,834 km_2,3.186 mi2 ,8.252 km2,0.005 mi2 ,0.013 km2,3.191 mi2 ,8.265 km2,37°58_45_N 103°32_50_W,37.97916667,-103.5472222
La Veta,Town of La Veta,"June 16, 1886",statutory town,Huerfano County,map,165,811,1.38%,800,_13.42%,924,593 mi_2 ,229 km_2,1.367 mi2 ,3.539 km2,none,none,1.367 mi2 ,3.539 km2,37°30_31_N 105°00_31_W,37.50861111,-105.0086111
Lafayette,City of Lafayette,"January 6, 1890",home rule city,Boulder County,map,26,"30,687",25.49%,"24,453",5.41%,"23,197",3327 mi_2 ,1285 km_2,9.223 mi2 ,23.888 km2,0.201 mi2 ,0.521 km2,9.424 mi2 ,24.409 km2,39°59_41_N 105°05_59_W,39.99472222,-105.0997222
Lake City,Town of Lake City,"September 19, 1884",statutory town,Hinsdale County seat,map,211,394,_3.43%,408,8.80%,375,476 mi_2 ,184 km_2,0.828 mi2 ,2.144 km2,0.010 mi2 ,0.025 km2,0.838 mi2 ,2.169 km2,38°01_48_N 107°18_38_W,38.03,-107.3105556
Lakeside[w],Town of Lakeside,"November 25, 1907",statutory town,Jefferson County,map,271,8,0.00%,8,_60.00%,20,43 mi_2 ,16 km_2,0.188 mi2 ,0.486 km2,0.061 mi2 ,0.157 km2,0.249 mi2 ,0.643 km2,39°46_49_N 105°03_28_W,39.78027778,-105.0577778
Lakewood,City of Lakewood,"June 24, 1969",home rule city,Jefferson County,map,5,"157,935",10.46%,"142,980",_0.80%,"144,126",3633 mi_2 ,1403 km_2,43.473 mi2 ,112.595 km2,1.174 mi2 ,3.040 km2,44.647 mi2 ,115.635 km2,39°41_52_N 105°07_02_W,39.69777778,-105.1172222
Lamar,City of Lamar,"December 5, 1886",home rule city,Prowers County seat,map,60,"7,655",_1.91%,"7,804",_12.01%,"8,869",1469 mi_2 ,567 km_2,5.212 mi2 ,13.500 km2,0.020 mi2 ,0.051 km2,5.232 mi2 ,13.551 km2,38°04_26_N 102°36_55_W,38.07388889,-102.6152778
Larkspur,Town of Larkspur,"June 1, 1905",home rule town,Douglas County,map,236,212,15.85%,183,_21.79%,234,133 mi_2 ,51 km_2,1.591 mi2 ,4.120 km2,none,none,1.591 mi2 ,4.120 km2,39°13_55_N 104°53_32_W,39.23194444,-104.8922222
Las Animas,City of Las Animas,"May 15, 1886",statutory city,Bent County seat,map,114,"2,165",_10.17%,"2,410",_12.62%,"2,758",1331 mi_2 ,514 km_2,1.626 mi2 ,4.212 km2,0.046 mi2 ,0.119 km2,1.672 mi2 ,4.331 km2,38°04_10_N 103°13_25_W,38.06944444,-103.2236111
LaSalle,Town of LaSalle,1910[x],statutory town,Weld County,map,107,"2,342",19.80%,"1,955",5.73%,"1,849",2445 mi_2 ,944 km_2,0.958 mi2 ,2.480 km2,none,none,0.958 mi2 ,2.480 km2,40°20_54_N 104°42_22_W,40.34833333,-104.7061111
Leadville,City of Leadville,"February 18, 1878",statutory city,Lake County seat,map,97,"2,868",10.22%,"2,602",_7.76%,"2,821",2443 mi_2 ,944 km_2,1.174 mi2 ,3.039 km2,none,none,1.174 mi2 ,3.039 km2,39°14_50_N 106°17_36_W,39.24722222,-106.2933333
Limon,Town of Limon,"November 18, 1909",statutory town,Lincoln County,map,118,"1,952",3.83%,"1,880",_9.22%,"2,071",617 mi_2 ,238 km_2,3.162 mi2 ,8.190 km2,0.030 mi2 ,0.078 km2,3.192 mi2 ,8.268 km2,39°15_55_N 103°41_08_W,39.26527778,-103.6855556
Littleton,City of Littleton,"March 13, 1890",home rule city,Arapahoe County seat,map,20,"48,065",15.16%,"41,737",3.46%,"40,340",3806 mi_2 ,1469 km_2,12.629 mi2 ,32.709 km2,1.132 mi2 ,2.933 km2,13.761 mi2 ,35.642 km2,39°35_29_N 105°01_08_W,39.59138889,-105.0188889
Lochbuie,Town of Lochbuie,"May 1, 1974",statutory town,Weld County,map,63,"7,304",54.55%,"4,726",130.65%,"2,049",1982 mi_2 ,765 km_2,3.685 mi2 ,9.543 km2,0.023 mi2 ,0.059 km2,3.708 mi2 ,9.602 km2,40°00_42_N 104°43_38_W,40.01166667,-104.7272222
Log Lane Village,Town of Log Lane Village,"June 12, 1956",statutory town,Morgan County,map,161,849,_2.75%,873,_13.22%,"1,006",4332 mi_2 ,1671 km_2,0.196 mi2 ,0.508 km2,none,none,0.196 mi2 ,0.508 km2,40°16_11_N 103°49_44_W,40.26972222,-103.8288889
Lone Tree,City of Lone Tree,"November 1, 1995",home rule city,Douglas County,map,43,"13,082",28.03%,"10,218",109.69%,"4,873",1334 mi_2 ,515 km_2,9.808 mi2 ,25.403 km2,none,none,9.808 mi2 ,25.403 km2,39°31_51_N 104°52_15_W,39.53083333,-104.8708333
Longmont,City of Longmont,"November 15, 1885",home rule city,Boulder County,map,13,"97,261",12.74%,"86,270",21.35%,"71,093",3380 mi_2 ,1305 km_2,28.778 mi2 ,74.536 km2,1.643 mi2 ,4.255 km2,30.421 mi2 ,78.791 km2,40°10_07_N 105°06_02_W,40.16861111,-105.1005556
Louisville,City of Louisville,"June 3, 1882",home rule city,Boulder County,map,30,"20,816",13.28%,"18,376",_2.96%,"18,937",2614 mi_2 ,1009 km_2,7.964 mi2 ,20.626 km2,0.111 mi2 ,0.288 km2,8.075 mi2 ,20.914 km2,39°58_16_N 105°08_39_W,39.97111111,-105.1441667
Loveland,City of Loveland,"April 30, 1881",home rule city,Larimer County,map,14,"78,877",17.98%,"66,859",32.11%,"50,608",2292 mi_2 ,885 km_2,34.419 mi2 ,89.146 km2,1.478 mi2 ,3.828 km2,35.897 mi2 ,92.974 km2,40°25_00_N 105°03_44_W,40.41666667,-105.0622222
Lyons,Town of Lyons,"April 10, 1891",statutory town,Boulder County,map,113,"2,189",7.67%,"2,033",28.26%,"1,585",1623 mi_2 ,627 km_2,1.349 mi2 ,3.493 km2,0.016 mi2 ,0.041 km2,1.365 mi2 ,3.534 km2,40°13_23_N 105°16_09_W,40.22305556,-105.2691667
Manassa,Town of Manassa,"June 6, 1889",statutory town,Conejos County,map,149,"1,001",1.01%,991,_4.89%,"1,042",1075 mi_2 ,415 km_2,0.931 mi2 ,2.412 km2,none,none,0.931 mi2 ,2.412 km2,37°10_26_N 105°56_14_W,37.17388889,-105.9372222
Mancos,Town of Mancos,"November 30, 1894",statutory town,Montezuma County,map,131,"1,430",7.04%,"1,336",19.39%,"1,119",2227 mi_2 ,860 km_2,0.642 mi2 ,1.662 km2,none,none,0.642 mi2 ,1.662 km2,37°20_48_N 108°17_38_W,37.34666667,-108.2938889
Manitou Springs,City of Manitou Springs,"January 25, 1888",home rule city,El Paso County,map,78,"5,390",7.97%,"4,992",0.24%,"4,980",1712 mi_2 ,661 km_2,3.149 mi2 ,8.157 km2,none,none,3.149 mi2 ,8.157 km2,38°51_27_N 104°54_46_W,38.8575,-104.9127778
Manzanola,Town of Manzanola,"July 9, 1900",statutory town,Otero County,map,207,417,_3.92%,434,_17.33%,525,1468 mi_2 ,567 km_2,0.284 mi2 ,0.736 km2,none,none,0.284 mi2 ,0.736 km2,38°06_32_N 103°52_00_W,38.10888889,-103.8666667
Marble,Town of Marble,"March 13, 1905",statutory town,Gunnison County,map,247,134,2.29%,131,24.76%,105,372 mi_2 ,144 km_2,0.360 mi2 ,0.932 km2,none,none,0.360 mi2 ,0.932 km2,39°04_18_N 107°11_27_W,39.07166667,-107.1908333
Mead,Town of Mead,"March 17, 1908",statutory town,Weld County,map,85,"4,731",38.94%,"3,405",68.82%,"2,017",364 mi_2 ,141 km_2,13.001 mi2 ,33.672 km2,0.088 mi2 ,0.229 km2,13.089 mi2 ,33.901 km2,40°13_54_N 104°59_28_W,40.23166667,-104.9911111
Meeker,Town of Meeker,"November 10, 1885",statutory town,Rio Blanco County seat,map,111,"2,252",_9.01%,"2,475",10.39%,"2,242",627 mi_2 ,242 km_2,3.589 mi2 ,9.295 km2,none,none,3.589 mi2 ,9.295 km2,40°03_00_N 107°53_41_W,40.05,-107.8947222
Merino,Town of Merino,"January 4, 1917",statutory town,Logan County,map,222,281,_1.06%,284,15.45%,246,1849 mi_2 ,715 km_2,0.152 mi2 ,0.393 km2,none,none,0.152 mi2 ,0.393 km2,40°29_01_N 103°21_13_W,40.48361111,-103.3536111
Milliken,Town of Milliken,"October 1, 1910",statutory town,Weld County,map,57,"8,164",45.53%,"5,610",94.25%,"2,888",637 mi_2 ,246 km_2,12.815 mi2 ,33.191 km2,0.085 mi2 ,0.220 km2,12.900 mi2 ,33.411 km2,40°18_41_N 104°51_22_W,40.31138889,-104.8561111
Minturn,Town of Minturn,"November 23, 1904",home rule town,Eagle County,map,139,"1,145",11.49%,"1,027",_3.84%,"1,068",143 mi_2 ,55 km_2,8.018 mi2 ,20.766 km2,0.180 mi2 ,0.465 km2,8.198 mi2 ,21.231 km2,39°32_46_N 106°23_13_W,39.54611111,-106.3869444
Moffat,Town of Moffat,"April 20, 1911",statutory town,Saguache County,map,252,119,2.59%,116,1.75%,114,71 mi_2 ,28 km_2,1.666 mi2 ,4.314 km2,none,none,1.666 mi2 ,4.314 km2,38°00_10_N 105°54_23_W,38.00277778,-105.9063889
Monte Vista,City of Monte Vista,"September 27, 1886",home rule city,Rio Grande County,map,87,"4,138",_6.89%,"4,444",_1.88%,"4,529",1572 mi_2 ,607 km_2,2.633 mi2 ,6.820 km2,0.018 mi2 ,0.046 km2,2.651 mi2 ,6.866 km2,37°34_44_N 106°09_00_W,37.57888889,-106.15
Montezuma,Town of Montezuma,"February 24, 1905",statutory town,Summit County,map,261,74,13.85%,65,54.76%,42,937 mi_2 ,361 km_2,0.079 mi2 ,0.205 km2,none,none,0.079 mi2 ,0.205 km2,39°34_53_N 105°52_04_W,39.58138889,-105.8677778
Montrose,City of Montrose,"May 1, 1882",home rule city,Montrose County seat,map,32,"19,782",3.40%,"19,132",54.99%,"12,344",1071 mi_2 ,413 km_2,18.477 mi2 ,47.854 km2,none,none,18.477 mi2 ,47.854 km2,38°28_08_N 107°51_32_W,38.46888889,-107.8588889
Monument,Town of Monument,"May 14, 1881",statutory town,El Paso County,map,58,"8,097",46.42%,"5,530",180.57%,"1,971",1183 mi_2 ,457 km_2,6.843 mi2 ,17.724 km2,0.050 mi2 ,0.129 km2,6.893 mi2 ,17.853 km2,39°04_25_N 104°50_48_W,39.07361111,-104.8466667
Morrison,Town of Morrison,"January 29, 1906",home rule town,Jefferson County,map,206,424,_0.93%,428,_0.47%,430,258 mi_2 ,100 km_2,1.645 mi2 ,4.260 km2,0.003 mi2 ,0.009 km2,1.648 mi2 ,4.269 km2,39°38_13_N 105°12_02_W,39.63694444,-105.2005556
Mount Crested Butte[y],Town of Mount Crested Butte,"May 26, 1905",home rule town,Gunnison County,map,160,876,9.36%,801,13.30%,707,424 mi_2 ,164 km_2,2.068 mi2 ,5.355 km2,none,none,2.068 mi2 ,5.355 km2,38°54_30_N 106°57_38_W,38.90833333,-106.9605556
Mountain View[z],Town of Mountain View,"October 11, 1904",home rule town,Jefferson County,map,191,537,5.92%,507,_10.90%,569,5774 mi_2 ,2228 km_2,0.093 mi2 ,0.241 km2,none,none,0.093 mi2 ,0.241 km2,39°46_29_N 105°03_24_W,39.77472222,-105.0566667
Mountain Village,Town of Mountain Village,"March 10, 1995",home rule town,San Miguel County,map,132,"1,426",8.03%,"1,320",34.97%,978,432 mi_2 ,167 km_2,3.300 mi2 ,8.547 km2,none,none,3.300 mi2 ,8.547 km2,37°55_57_N 107°51_28_W,37.9325,-107.8577778
Naturita,Town of Naturita,"November 30, 1951",statutory town,Montrose County,map,192,532,_2.56%,546,_14.02%,635,865 mi_2 ,334 km_2,0.615 mi2 ,1.594 km2,none,none,0.615 mi2 ,1.594 km2,38°13_06_N 108°34_00_W,38.21833333,-108.5666667
Nederland,Town of Nederland,"November 15, 1885",statutory town,Boulder County,map,127,"1,533",6.09%,"1,445",3.66%,"1,394",1036 mi_2 ,400 km_2,1.480 mi2 ,3.833 km2,0.069 mi2 ,0.180 km2,1.549 mi2 ,4.013 km2,39°57_48_N 105°30_26_W,39.96333333,-105.5072222
New Castle,Town of New Castle,"March 27, 1890",home rule town,Garfield County,map,80,"5,203",15.16%,"4,518",127.72%,"1,984",2067 mi_2 ,798 km_2,2.517 mi2 ,6.520 km2,0.090 mi2 ,0.234 km2,2.607 mi2 ,6.754 km2,39°34_39_N 107°31_36_W,39.5775,-107.5266667
Northglenn,City of Northglenn,"April 19, 1969",home rule city,Adams County,map,22,"38,819",8.47%,"35,789",13.35%,"31,575",5275 mi_2 ,2037 km_2,7.359 mi2 ,19.058 km2,0.085 mi2 ,0.219 km2,7.444 mi2 ,19.277 km2,39°54_39_N 104°58_42_W,39.91083333,-104.9783333
Norwood,Town of Norwood,"August 20, 1903",statutory town,San Miguel County,map,189,579,11.78%,518,18.26%,438,2046 mi_2 ,790 km_2,0.283 mi2 ,0.733 km2,none,none,0.283 mi2 ,0.733 km2,38°07_45_N 108°17_31_W,38.12916667,-108.2919444
Nucla,Town of Nucla,"March 14, 1915",statutory town,Montrose County,map,176,714,0.42%,711,_3.13%,734,1029 mi_2 ,397 km_2,0.694 mi2 ,1.797 km2,none,none,0.694 mi2 ,1.797 km2,38°16_00_N 108°32_55_W,38.26666667,-108.5486111
Nunn,Town of Nunn,"March 28, 1908",statutory town,Weld County,map,201,464,11.54%,416,_11.68%,471,117 mi_2 ,45 km_2,3.964 mi2 ,10.267 km2,none,none,3.964 mi2 ,10.267 km2,40°42_50_N 104°47_20_W,40.71388889,-104.7888889
Oak Creek,Town of Oak Creek,"December 26, 1907",statutory town,Routt County,map,151,959,8.48%,884,4.12%,849,2694 mi_2 ,1040 km_2,0.356 mi2 ,0.922 km2,none,none,0.356 mi2 ,0.922 km2,40°16_27_N 106°57_27_W,40.27416667,-106.9575
Olathe,Town of Olathe,"October 16, 1907",statutory town,Montrose County,map,120,"1,837",_0.65%,"1,849",17.55%,"1,573",1223 mi_2 ,472 km_2,1.502 mi2 ,3.890 km2,none,none,1.502 mi2 ,3.890 km2,38°36_30_N 107°59_00_W,38.60833333,-107.9833333
Olney Springs,Town of Olney Springs,"May 27, 1912",statutory town,Crowley County,map,215,340,_1.45%,345,_11.31%,389,1411 mi_2 ,546 km_2,0.241 mi2 ,0.623 km2,none,none,0.241 mi2 ,0.623 km2,38°09_59_N 103°56_40_W,38.16638889,-103.9444444
Ophir,Town of Ophir,"February 23, 1905",home rule town,San Miguel County,map,238,184,15.72%,159,40.71%,113,783 mi_2 ,302 km_2,0.235 mi2 ,0.609 km2,none,none,0.235 mi2 ,0.609 km2,37°51_25_N 107°49_52_W,37.85694444,-107.8311111
Orchard City,Town of Orchard City,"May 25, 1912",statutory town,Delta County,map,91,"3,212",2.98%,"3,119",8.30%,"2,880",279 mi_2 ,108 km_2,11.521 mi2 ,29.840 km2,0.009 mi2 ,0.022 km2,11.530 mi2 ,29.862 km2,38°48_52_N 107°58_14_W,38.81444444,-107.9705556
Ordway,Town of Ordway,"September 4, 1900",statutory town,Crowley County seat,map,146,"1,054",_2.41%,"1,080",_13.46%,"1,248",1367 mi_2 ,528 km_2,0.771 mi2 ,1.998 km2,none,none,0.771 mi2 ,1.998 km2,38°13_15_N 103°45_24_W,38.22083333,-103.7566667
Otis,Town of Otis,"March 27, 1917",statutory town,Washington County,map,199,486,2.32%,475,_11.05%,534,1177 mi_2 ,454 km_2,0.413 mi2 ,1.070 km2,none,none,0.413 mi2 ,1.070 km2,40°09_00_N 102°57_44_W,40.15,-102.9622222
Ouray,City of Ouray,"March 24, 1884",home rule city,Ouray County seat,map,148,"1,034",3.40%,"1,000",23.00%,813,1198 mi_2 ,463 km_2,0.863 mi2 ,2.234 km2,none,none,0.863 mi2 ,2.234 km2,38°01_39_N 107°40_24_W,38.0275,-107.6733333
Ovid,Town of Ovid,"December 21, 1925",statutory town,Sedgwick County,map,220,300,_5.66%,318,_3.64%,330,1923 mi_2 ,744 km_2,0.156 mi2 ,0.403 km2,none,none,0.156 mi2 ,0.403 km2,40°57_39_N 102°23_18_W,40.96083333,-102.3883333
Pagosa Springs,Town of Pagosa Springs,"March 18, 1891",home rule town,Archuleta County seat,map,116,"2,085",20.73%,"1,727",8.55%,"1,591",414 mi_2 ,160 km_2,5.033 mi2 ,13.036 km2,0.026 mi2 ,0.067 km2,5.059 mi2 ,13.103 km2,37°16_03_N 107°01_50_W,37.2675,-107.0305556
Palisade,Town of Palisade,"April 4, 1904",statutory town,Mesa County,map,102,"2,736",1.63%,"2,692",4.38%,"2,579",2303 mi_2 ,889 km_2,1.188 mi2 ,3.078 km2,0.006 mi2 ,0.014 km2,1.194 mi2 ,3.092 km2,39°06_30_N 108°21_26_W,39.10833333,-108.3572222
Palmer Lake,Town of Palmer Lake,"March 12, 1889",statutory town,El Paso County,map,96,"2,993",23.68%,"2,420",11.06%,"2,179",982 mi_2 ,379 km_2,3.049 mi2 ,7.896 km2,0.022 mi2 ,0.056 km2,3.071 mi2 ,7.952 km2,39°06_55_N 104°54_22_W,39.11527778,-104.9061111
Paoli,Town of Paoli,"August 6, 1930",statutory town,Phillips County,map,269,34,0.00%,34,_19.05%,42,115 mi_2 ,44 km_2,0.296 mi2 ,0.766 km2,none,none,0.296 mi2 ,0.766 km2,40°36_46_N 102°28_18_W,40.61277778,-102.4716667
Paonia,Town of Paonia,"September 3, 1902",statutory town,Delta County,map,130,"1,469",1.24%,"1,451",_3.07%,"1,497",1789 mi_2 ,691 km_2,0.821 mi2 ,2.127 km2,none,none,0.821 mi2 ,2.127 km2,38°52_11_N 107°35_31_W,38.86972222,-107.5919444
Parachute,Town of Parachute,"April 1, 1908[aa]",home rule town,Garfield County,map,142,"1,116",2.86%,"1,085",7.85%,"1,006",618 mi_2 ,239 km_2,1.806 mi2 ,4.679 km2,0.065 mi2 ,0.169 km2,1.871 mi2 ,4.848 km2,39°27_03_N 108°03_11_W,39.45083333,-108.0530556
Parker,Town of Parker,"May 1, 1981",home rule town,Douglas County,map,19,"57,706",27.39%,"45,297",92.28%,"23,558",2584 mi_2 ,998 km_2,22.335 mi2 ,57.847 km2,0.008 mi2 ,0.022 km2,22.343 mi2 ,57.869 km2,39°30_30_N 104°46_31_W,39.50833333,-104.7752778
Peetz,Town of Peetz,"May 17, 1917",statutory town,Logan County,map,231,235,_1.26%,238,4.85%,227,1054 mi_2 ,407 km_2,0.223 mi2 ,0.578 km2,none,none,0.223 mi2 ,0.578 km2,40°57_43_N 103°06_50_W,40.96194444,-103.1138889
Pierce,Town of Pierce,"August 30, 1918",statutory town,Weld County,map,141,"1,133",35.85%,834,_5.66%,884,610 mi_2 ,235 km_2,1.858 mi2 ,4.812 km2,none,none,1.858 mi2 ,4.812 km2,40°38_28_N 104°46_13_W,40.64111111,-104.7702778
Pitkin,Town of Pitkin,"April 5, 1880",statutory town,Gunnison County,map,264,69,4.55%,66,_46.77%,124,267 mi_2 ,103 km_2,0.258 mi2 ,0.668 km2,none,none,0.258 mi2 ,0.668 km2,38°36_31_N 106°30_54_W,38.60861111,-106.515
Platteville,Town of Platteville,"January 1, 1887",statutory town,Weld County,map,101,"2,760",11.07%,"2,485",4.85%,"2,370",898 mi_2 ,347 km_2,3.073 mi2 ,7.960 km2,0.010 mi2 ,0.027 km2,3.083 mi2 ,7.987 km2,40°13_19_N 104°50_03_W,40.22194444,-104.8341667
Poncha Springs,Town of Poncha Springs,"December 16, 1880",statutory town,Chaffee County,map,152,956,29.72%,737,58.15%,466,320 mi_2 ,124 km_2,2.984 mi2 ,7.729 km2,none,none,2.984 mi2 ,7.729 km2,38°30_51_N 106°05_39_W,38.51416667,-106.0941667
Pritchett,Town of Pritchett,"April 6, 1905",statutory town,Baca County,map,248,131,_6.43%,140,2.19%,137,562 mi_2 ,217 km_2,0.233 mi2 ,0.604 km2,none,none,0.233 mi2 ,0.604 km2,37°22_12_N 102°51_31_W,37.37,-102.8586111
Pueblo,City of Pueblo,"November 15, 1885",home rule city,Pueblo County seat,map,9,"112,361",5.41%,"106,595",4.38%,"102,121",2029 mi_2 ,783 km_2,55.382 mi2 ,143.439 km2,0.701 mi2 ,1.815 km2,56.083 mi2 ,145.254 km2,38°16_12_N 104°36_41_W,38.27,-104.6113889
Ramah,Town of Ramah,"July 18, 1927",statutory town,El Paso County,map,249,130,5.69%,123,5.13%,117,528 mi_2 ,204 km_2,0.246 mi2 ,0.637 km2,none,none,0.246 mi2 ,0.637 km2,39°07_20_N 104°10_02_W,39.12222222,-104.1672222
Rangely,Town of Rangely,"August 27, 1946",statutory town,Rio Blanco County,map,110,"2,263",_4.31%,"2,365",12.83%,"2,096",526 mi_2 ,203 km_2,4.304 mi2 ,11.148 km2,none,none,4.304 mi2 ,11.148 km2,40°05_10_N 108°46_46_W,40.08611111,-108.7794444
Raymer[ab],Town of Raymer,"April 2, 1905",statutory town,Weld County,map,253,112,16.67%,96,5.49%,91,143 mi_2 ,55 km_2,0.784 mi2 ,2.031 km2,none,none,0.784 mi2 ,2.031 km2,40°36_29_N 103°50_37_W,40.60805556,-103.8436111
Red Cliff,Town of Red Cliff,"December 18, 1880",statutory town,Eagle County,map,221,282,5.62%,267,_7.61%,289,1156 mi_2 ,446 km_2,0.244 mi2 ,0.632 km2,none,none,0.244 mi2 ,0.632 km2,39°30_33_N 106°22_12_W,39.50916667,-106.37
Rico,Town of Rico,"February 25, 1880",home rule town,Dolores County,map,233,231,_12.83%,265,29.27%,205,341 mi_2 ,131 km_2,0.678 mi2 ,1.757 km2,none,none,0.678 mi2 ,1.757 km2,37°41_21_N 108°01_54_W,37.68916667,-108.0316667
Ridgway,Town of Ridgway,"April 2, 1891",home rule town,Ouray County,map,147,"1,039",12.45%,924,29.59%,713,562 mi_2 ,217 km_2,1.848 mi2 ,4.787 km2,none,none,1.848 mi2 ,4.787 km2,38°09_26_N 107°45_17_W,38.15722222,-107.7547222
Rifle,City of Rifle,"August 18, 1905",home rule city,Garfield County,map,49,"9,706",5.82%,"9,172",35.20%,"6,784",1380 mi_2 ,533 km_2,7.034 mi2 ,18.219 km2,0.121 mi2 ,0.314 km2,7.155 mi2 ,18.533 km2,39°32_10_N 107°46_22_W,39.53611111,-107.7727778
Rockvale,Town of Rockvale,"September 30, 1886",statutory town,Fremont County,map,193,519,6.57%,487,14.32%,426,254 mi_2 ,98 km_2,2.040 mi2 ,5.283 km2,none,none,2.040 mi2 ,5.283 km2,38°21_52_N 105°09_53_W,38.36444444,-105.1647222
Rocky Ford,City of Rocky Ford,"August 19, 1887",statutory city,Otero County,map,89,"3,815",_3.59%,"3,957",_7.68%,"4,286",2272 mi_2 ,877 km_2,1.679 mi2 ,4.348 km2,0.014 mi2 ,0.035 km2,1.693 mi2 ,4.383 km2,38°03_00_N 103°43_21_W,38.05,-103.7225
Romeo,Town of Romeo,"September 4, 1923",statutory town,Conejos County,map,208,411,1.73%,404,7.73%,375,1764 mi_2 ,680 km_2,0.233 mi2 ,0.604 km2,none,none,0.233 mi2 ,0.604 km2,37°10_19_N 105°59_07_W,37.17194444,-105.9852778
Rye,Town of Rye,"November 22, 1937",statutory town,Pueblo County,map,241,165,7.84%,153,_24.26%,202,1755 mi_2 ,676 km_2,0.094 mi2 ,0.244 km2,none,none,0.094 mi2 ,0.244 km2,37°55_17_N 104°55_55_W,37.92138889,-104.9319444
Saguache[ac],Town of Saguache,"August 13, 1891",statutory town,Saguache County seat,map,197,505,4.12%,485,_16.09%,578,1282 mi_2 ,495 km_2,0.394 mi2 ,1.021 km2,none,none,0.394 mi2 ,1.021 km2,38°05_11_N 106°08_28_W,38.08638889,-106.1411111
Salida,City of Salida,"March 23, 1891",statutory city,Chaffee County seat,map,73,"6,082",16.16%,"5,236",_4.87%,"5,504",2178 mi_2 ,841 km_2,2.792 mi2 ,7.230 km2,none,none,2.792 mi2 ,7.230 km2,38°31_48_N 105°59_52_W,38.53,-105.9977778
San Luis[ad],Town of San Luis,"February 27, 1905",statutory town,Costilla County seat,map,181,658,4.61%,629,_14.88%,739,1160 mi_2 ,448 km_2,0.567 mi2 ,1.468 km2,none,none,0.567 mi2 ,1.468 km2,37°12_09_N 105°25_21_W,37.2025,-105.4225
Sanford,Town of Sanford,"April 9, 1907",home rule town,Conejos County,map,159,887,0.91%,879,7.59%,817,608 mi_2 ,235 km_2,1.460 mi2 ,3.782 km2,none,none,1.460 mi2 ,3.782 km2,37°15_27_N 105°54_03_W,37.2575,-105.9008333
Sawpit[ae],Town of Sawpit,"March 10, 1905",statutory town,San Miguel County,map,268,39,_2.50%,40,60.00%,25,1300 mi_2 ,500 km_2,0.030 mi2 ,0.078 km2,none,none,0.030 mi2 ,0.078 km2,37°59_41_N 108°00_08_W,37.99472222,-108.0022222
Sedgwick,Town of Sedgwick,"January 28, 1918",statutory town,Sedgwick County,map,246,137,_6.16%,146,_23.56%,191,352 mi_2 ,136 km_2,0.389 mi2 ,1.008 km2,none,none,0.389 mi2 ,1.008 km2,40°56_08_N 102°31_32_W,40.93555556,-102.5255556
Seibert,Town of Seibert,"June 21, 1917",statutory town,Kit Carson County,map,235,213,17.68%,181,0.56%,180,621 mi_2 ,240 km_2,0.343 mi2 ,0.888 km2,none,none,0.343 mi2 ,0.888 km2,39°17_53_N 102°52_10_W,39.29805556,-102.8694444
Severance,Town of Severance,"November 20, 1920",statutory town,Weld County,map,70,"6,494",105.18%,"3,165",430.15%,597,714 mi_2 ,276 km_2,9.098 mi2 ,23.563 km2,0.119 mi2 ,0.308 km2,9.217 mi2 ,23.871 km2,40°31_36_N 104°51_54_W,40.52666667,-104.865
Sheridan,City of Sheridan,"April 1, 1890",home rule city,Arapahoe County,map,72,"6,183",9.16%,"5,664",1.14%,"5,600",2781 mi_2 ,1074 km_2,2.223 mi2 ,5.758 km2,0.066 mi2 ,0.171 km2,2.289 mi2 ,5.929 km2,39°38_48_N 105°01_06_W,39.64666667,-105.0183333
Sheridan Lake,Town of Sheridan Lake,"June 11, 1951",statutory town,Kiowa County,map,259,83,_5.68%,88,33.33%,66,267 mi_2 ,103 km_2,0.311 mi2 ,0.804 km2,none,none,0.311 mi2 ,0.804 km2,38°28_00_N 102°17_40_W,38.46666667,-102.2944444
Silt,Town of Silt,"May 19, 1915",home rule town,Garfield County,map,92,"3,190",8.87%,"2,930",68.39%,"1,740",1927 mi_2 ,744 km_2,1.655 mi2 ,4.287 km2,0.071 mi2 ,0.183 km2,1.726 mi2 ,4.470 km2,39°32_54_N 107°39_12_W,39.54833333,-107.6533333
Silver Cliff,Town of Silver Cliff,"February 10, 1879",statutory town,Custer County,map,179,667,13.63%,587,14.65%,512,43 mi_2 ,17 km_2,15.458 mi2 ,40.035 km2,0.002 mi2 ,0.004 km2,15.460 mi2 ,40.039 km2,38°07_13_N 105°24_37_W,38.12027778,-105.4102778
Silver Plume,Town of Silver Plume,"September 24, 1880",statutory town,Clear Creek County,map,239,177,4.12%,170,_16.26%,203,683 mi_2 ,264 km_2,0.259 mi2 ,0.670 km2,0.003 mi2 ,0.007 km2,0.262 mi2 ,0.677 km2,39°41_44_N 105°43_35_W,39.69555556,-105.7263889
Silverthorne,Town of Silverthorne,"September 5, 1967",home rule town,Summit County,map,84,"4,898",26.01%,"3,887",21.62%,"3,196",1224 mi_2 ,473 km_2,4.001 mi2 ,10.363 km2,0.066 mi2 ,0.170 km2,4.067 mi2 ,10.533 km2,39°39_22_N 106°05_13_W,39.65611111,-106.0869444
Silverton,Town of Silverton,"November 15, 1885",statutory town,San Juan County seat,map,180,663,4.08%,637,19.96%,531,794 mi_2 ,307 km_2,0.835 mi2 ,2.162 km2,none,none,0.835 mi2 ,2.162 km2,37°48_39_N 107°39_53_W,37.81083333,-107.6647222
Simla,Town of Simla,"January 15, 1913",statutory town,Elbert County,map,182,640,3.56%,618,_6.79%,663,1039 mi_2 ,401 km_2,0.616 mi2 ,1.596 km2,none,none,0.616 mi2 ,1.596 km2,39°08_27_N 104°04_57_W,39.14083333,-104.0825
Snowmass Village,Town of Snowmass Village,"May 30, 1905",home rule town,Pitkin County,map,103,"2,732",_3.33%,"2,826",55.10%,"1,822",98 mi_2 ,38 km_2,27.782 mi2 ,71.955 km2,0.082 mi2 ,0.212 km2,27.864 mi2 ,72.167 km2,39°13_16_N 106°56_21_W,39.22111111,-106.9391667
South Fork,Town of South Fork,"May 19, 1992",statutory town,Rio Grande County,map,205,425,10.10%,386,_36.09%,604,170 mi_2 ,66 km_2,2.4981 mi2 ,6.4701 km2,0.0009 mi2 ,0.0023 km2,2.4990 mi2 ,6.4724 km2,37°40_09_N 106°38_30_W,37.66916667,-106.6416667
Springfield,Town of Springfield,"January 16, 1889",statutory town,Baca County seat,map,133,"1,375",_5.24%,"1,451",_7.11%,"1,562",1221 mi_2 ,471 km_2,1.126 mi2 ,2.917 km2,none,none,1.126 mi2 ,2.917 km2,37°24_18_N 102°37_08_W,37.405,-102.6188889
Starkville,Town of Starkville,"March 2, 1954",statutory town,Las Animas County,map,266,54,_8.47%,59,_53.91%,128,740 mi_2 ,286 km_2,0.073 mi2 ,0.189 km2,none,none,0.073 mi2 ,0.189 km2,37°07_01_N 104°31_24_W,37.11694444,-104.5233333
Steamboat Springs,City of Steamboat Springs,"July 19, 1900",home rule city,Routt County seat,map,41,"13,214",9.32%,"12,088",23.16%,"9,815",1336 mi_2 ,516 km_2,9.888 mi2 ,25.609 km2,0.013 mi2 ,0.033 km2,9.901 mi2 ,25.642 km2,40°28_40_N 106°49_27_W,40.47777778,-106.8241667
Sterling,City of Sterling,"December 3, 1884",home rule city,Logan County seat,map,38,"14,495",_1.91%,"14,777",30.08%,"11,360",1912 mi_2 ,738 km_2,7.583 mi2 ,19.641 km2,none,none,7.583 mi2 ,19.641 km2,40°37_14_N 103°11_33_W,40.62055556,-103.1925
Stratton,Town of Stratton,"April 15, 1917",statutory town,Kit Carson County,map,183,639,_2.89%,658,_1.64%,669,1243 mi_2 ,480 km_2,0.514 mi2 ,1.331 km2,none,none,0.514 mi2 ,1.331 km2,39°18_10_N 102°36_12_W,39.30277778,-102.6033333
Sugar City,Town of Sugar City,"July 2, 1900",statutory town,Crowley County,map,228,253,_1.94%,258,_7.53%,279,657 mi_2 ,254 km_2,0.385 mi2 ,0.997 km2,none,none,0.385 mi2 ,0.997 km2,38°13_58_N 103°39_48_W,38.23277778,-103.6633333
Superior,Town of Superior,"June 10, 1904",statutory town,Boulder County,map,42,"13,087",4.84%,"12,483",38.53%,"9,011",3327 mi_2 ,1285 km_2,3.933 mi2 ,10.186 km2,0.039 mi2 ,0.100 km2,3.972 mi2 ,10.286 km2,39°56_02_N 105°09_32_W,39.93388889,-105.1588889
Swink,Town of Swink,"June 6, 1906",statutory town,Otero County,map,188,592,_4.05%,617,_11.35%,696,2114 mi_2 ,817 km_2,0.280 mi2 ,0.725 km2,none,none,0.280 mi2 ,0.725 km2,38°00_51_N 103°37_41_W,38.01416667,-103.6280556
Telluride,Town of Telluride,"February 10, 1887[af]",home rule town,San Miguel County seat,map,105,"2,479",6.62%,"2,325",4.68%,"2,221",1116 mi_2 ,431 km_2,2.222 mi2 ,5.755 km2,none,none,2.222 mi2 ,5.755 km2,37°56_11_N 107°49_37_W,37.93638889,-107.8269444
Thornton,City of Thornton,"June 12, 1956",home rule city,Adams County,map,6,"141,464",19.11%,"118,772",44.17%,"82,384",3938 mi_2 ,1520 km_2,35.924 mi2 ,93.043 km2,2.023 mi2 ,5.239 km2,37.947 mi2 ,98.282 km2,39°55_11_N 104°56_38_W,39.91972222,-104.9438889
Timnath,Town of Timnath,"July 6, 1920",home rule town,Larimer County,map,82,"4,998",699.68%,625,180.27%,223,761 mi_2 ,294 km_2,6.565 mi2 ,17.004 km2,0.025 mi2 ,0.065 km2,6.590 mi2 ,17.069 km2,40°32_02_N 104°57_44_W,40.53388889,-104.9622222
Trinidad,City of Trinidad,"December 30, 1879",home rule city,Las Animas County seat,map,56,"8,200",_9.85%,"9,096",0.20%,"9,078",874 mi_2 ,337 km_2,9.3846 mi2 ,24.3060 km2,0.0004 mi2 ,0.0010 km2,9.3850 mi2 ,24.3070 km2,37°10_30_N 104°29_27_W,37.175,-104.4908333
Two Buttes,Town of Two Buttes,"October 19, 1911",statutory town,Baca County,map,267,40,_6.98%,43,_35.82%,67,161 mi_2 ,62 km_2,0.248 mi2 ,0.642 km2,none,none,0.248 mi2 ,0.642 km2,37°33_38_N 102°23_48_W,37.56055556,-102.3966667
Vail,Town of Vail,"May 19, 1905",home rule town,Eagle County,map,76,"5,434",2.43%,"5,305",17.08%,"4,531",1155 mi_2 ,446 km_2,4.706 mi2 ,12.188 km2,0.015 mi2 ,0.040 km2,4.721 mi2 ,12.228 km2,39°38_19_N 106°21_40_W,39.63861111,-106.3611111
Victor,City of Victor,"July 16, 1894",statutory city,Teller County,map,204,426,7.30%,397,_10.79%,445,1484 mi_2 ,573 km_2,0.287 mi2 ,0.744 km2,none,none,0.287 mi2 ,0.744 km2,38°42_31_N 105°08_31_W,38.70861111,-105.1419444
Vilas,Town of Vilas,"June 25, 1888",statutory town,Baca County,map,255,107,_6.14%,114,3.64%,110,836 mi_2 ,323 km_2,0.128 mi2 ,0.331 km2,none,none,0.128 mi2 ,0.331 km2,37°22_25_N 102°26_51_W,37.37361111,-102.4475
Vona,Town of Vona,"August 9, 1919",statutory town,Kit Carson County,map,256,104,_1.89%,106,11.58%,95,471 mi_2 ,182 km_2,0.221 mi2 ,0.573 km2,none,none,0.221 mi2 ,0.573 km2,39°18_08_N 102°44_36_W,39.30222222,-102.7433333
Walden,Town of Walden,"December 2, 1890",statutory town,Jackson County seat,map,187,599,_1.48%,608,_17.17%,734,1788 mi_2 ,690 km_2,0.335 mi2 ,0.868 km2,none,none,0.335 mi2 ,0.868 km2,40°43_54_N 106°16_53_W,40.73166667,-106.2813889
Walsenburg,City of Walsenburg,"June 16, 1873",statutory city,Huerfano County seat,map,95,"3,029",_1.27%,"3,068",_26.64%,"4,182",1013 mi_2 ,391 km_2,2.990 mi2 ,7.743 km2,none,none,2.990 mi2 ,7.743 km2,37°37_50_N 104°46_54_W,37.63055556,-104.7816667
Walsh,Town of Walsh,"July 19, 1928",statutory town,Baca County,map,195,516,_5.49%,546,_24.48%,723,1154 mi_2 ,446 km_2,0.447 mi2 ,1.158 km2,none,none,0.447 mi2 ,1.158 km2,37°23_10_N 102°16_48_W,37.38611111,-102.28
Ward,Town of Ward,"June 9, 1896",home rule town,Boulder County,map,242,161,7.33%,150,_11.24%,169,301 mi_2 ,116 km_2,0.5355 mi2 ,1.3870 km2,0.0014 mi2 ,0.0035 km2,0.5369 mi2 ,1.3905 km2,40°04_20_N 105°30_50_W,40.07222222,-105.5138889
Wellington,Town of Wellington,"November 10, 1905",statutory town,Larimer County,map,47,"10,437",65.96%,"6,289",135.37%,"2,672",2875 mi_2 ,1110 km_2,3.630 mi2 ,9.401 km2,0.003 mi2 ,0.007 km2,3.633 mi2 ,9.408 km2,40°42_00_N 105°00_19_W,40.7,-105.0052778
Westcliffe,Town of Westcliffe,"November 21, 1887",statutory town,Custer County seat,map,185,628,10.56%,568,36.21%,417,509 mi_2 ,196 km_2,1.235 mi2 ,3.198 km2,0.002 mi2 ,0.004 km2,1.237 mi2 ,3.202 km2,38°08_02_N 105°27_55_W,38.13388889,-105.4652778
Westminster,City of Westminster,"May 24, 1911",home rule city,Adams County,map,8,"113,166",6.65%,"106,114",5.13%,"100,940",3583 mi_2 ,1383 km_2,31.585 mi2 ,81.806 km2,2.313 mi2 ,5.990 km2,33.898 mi2 ,87.796 km2,39°53_01_N 105°03_45_W,39.88361111,-105.0625
Wheat Ridge,City of Wheat Ridge,"August 20, 1969",home rule city,Jefferson County,map,24,"31,324",3.84%,"30,166",_8.35%,"32,913",3352 mi_2 ,1294 km_2,9.344 mi2 ,24.200 km2,0.241 mi2 ,0.624 km2,9.585 mi2 ,24.824 km2,39°46_22_N 105°06_10_W,39.77277778,-105.1027778
Wiggins,Town of Wiggins,"October 11, 1974",statutory town,Morgan County,map,137,"1,163",30.24%,893,6.56%,838,879 mi_2 ,339 km_2,1.323 mi2 ,3.426 km2,0.004 mi2 ,0.011 km2,1.327 mi2 ,3.437 km2,40°13_43_N 104°04_21_W,40.22861111,-104.0725
Wiley,Town of Wiley,"January 28, 1909",statutory town,Prowers County,map,212,393,_2.96%,405,_16.15%,483,1264 mi_2 ,488 km_2,0.311 mi2 ,0.806 km2,none,none,0.311 mi2 ,0.806 km2,38°09_19_N 102°43_09_W,38.15527778,-102.7191667
Williamsburg,Town of Williamsburg,"April 7, 1888",statutory town,Fremont County,map,177,713,7.70%,662,_7.28%,714,202 mi_2 ,78 km_2,3.532 mi2 ,9.148 km2,none,none,3.532 mi2 ,9.148 km2,38°23_02_N 105°10_16_W,38.38388889,-105.1711111
Windsor,Town of Windsor,"April 15, 1890",home rule town,Weld County,map,27,"30,477",63.47%,"18,644",88.40%,"9,896",1189 mi_2 ,459 km_2,25.629 mi2 ,66.379 km2,1.183 mi2 ,3.064 km2,26.812 mi2 ,69.443 km2,40°28_08_N 104°55_12_W,40.46888889,-104.92
Winter Park,Town of Winter Park,"September 1, 1979",home rule town,Grand County,map,145,"1,090",9.11%,999,50.91%,662,65 mi_2 ,25 km_2,16.889 mi2 ,43.743 km2,none,none,16.889 mi2 ,43.743 km2,39°52_43_N 105°46_58_W,39.87861111,-105.7827778
Woodland Park,City of Woodland Park,"June 6, 1891",home rule city,Teller County,map,59,"7,885",9.51%,"7,200",10.51%,"6,515",1193 mi_2 ,460 km_2,6.6111 mi2 ,17.1228 km2,0.0008 mi2 ,0.0020 km2,6.6119 mi2 ,17.1248 km2,38°59_55_N 105°03_34_W,38.99861111,-105.0594444
Wray,City of Wray,"June 22, 1906",home rule city,Yuma County seat,map,106,"2,349",0.30%,"2,342",7.09%,"2,187",675 mi_2 ,261 km_2,3.479 mi2 ,9.010 km2,0.003 mi2 ,0.008 km2,3.482 mi2 ,9.018 km2,40°04_48_N 102°13_42_W,40.08,-102.2283333
Yampa,Town of Yampa,"February 25, 1907",statutory town,Routt County,map,201,464,8.16%,429,_3.16%,443,1933 mi_2 ,746 km_2,0.240 mi2 ,0.622 km2,none,none,0.240 mi2 ,0.622 km2,40°09_11_N 106°54_31_W,40.15305556,-106.9086111
Yuma,City of Yuma,"March 24, 1887",home rule city,Yuma County,map,90,"3,479",_1.28%,"3,524",7.28%,"3,285",1097 mi_2 ,424 km_2,3.172 mi2 ,8.214 km2,0.039 mi2 ,0.100 km2,3.211 mi2 ,8.314 km2,40°07_25_N 102°42_58_W,40.12361111,-102.7161111
,,,,,,,,,,,,,,,,,,,,,,
,,,,,,,,,,,,,,,,,,,,,,
,,,,,,,,,,,,,,,,,,,,,,
,,,,,,,,,,,,,,,,,,,,,,
,,,,,,,,,,,,,,,,,,,,,,
,,,,,,,,,,,,,,,,,,,,,,
,,,,,,,,,,,,,,,,,,,,,,
,,,,,,,,,,,,,,,,,,,,,,
,,,,,,,,,,,,,,,,,,,,,,
,,,,,,,,,,,,,,,,,,,,,,
,,,,,,,,,,,,,,,,,,,,,,
,,,,,,,,,,,,,,,,,,,,,,
,,,,,,,,,,,,,,,,,,,,,,
,,,,,,,,,,,,,,,,,,,,,,
,,,,,,,,,,,,,,,,,,,,,,
,,,,,,,,,,,,,,,,,,,,,,
,,,,,,,,,,,,,,,,,,,,,,
,,,,,,,,,,,,,,,,,,,,,,
,,,,,,,,,,,,,,,,,,,,,,
,,,,,,,,,,,,,,,,,,,,,,
,,,,,,,,,,,,,,,,,,,,,,
,,,,,,,,,,,,,,,,,,,,,,
,,,,,,,,,,,,,,,,,,,,,,
,,,,,,,,,,,,,,,,,,,,,,
,,,,,,,,,,,,,,,,,,,,,,
,,,,,,,,,,,,,,,,,,,,,,
,,,,,,,,,,,,,,,,,,,,,,
,,,,,,,,,,,,,,,,,,,,,,
,,,,,,,,,,,,,,,,,,,,,,
,,,,,,,,,,,,,,,,,,,,,,
,,,,,,,,,,,,,,,,,,,,,,
,,,,,,,,,,,,,,,,,,,,,,
,,,,,,,,,,,,,,,,,,,,,,
,,,,,,,,,,,,,,,,,,,,,,
,,,,,,,,,,,,,,,,,,,,,,
,,,,,,,,,,,,,,,,,,,,,,
,,,,Weld County,,,,,,,,,,,,,,,,,,
,,,,,,,,,,,,,,,,,,,,,,
,,,,,,,,,,,,,,,,,,,,,,
,,,,,,,,,,,,,,,,,,,,,,
,,,,,,,,,,,,,,,,,,,,,,
,,,,,,,,,,,,,,,,,,,,,,
,,,,,,,,,,,,,,,,,,,,,,
,,,,,,,,,,,,,,,,,,,,,,
,,,,,,,,,,,,,,,,,,,,,,
,,,,,,,,,,,,,,,,,,,,,,
,,,,,,,,,,,,,,,,,,,,,,
,,,,,,,,,,,,,,,,,,,,,,
,,,,,,,,,,,,,,,,,,,,,,
,,,,,,,,,,,,,,,,,,,,,,
,,,,,,,,,,,,,,,,,,,,,,
,,,,,,,,,,,,,,,,,,,,,,
,,,,,,,,,,,,,,,,,,,,,,
,,,,,,,,,,,,,,,,,,,,,,
,,,,,,,,,,,,,,,,,,,,,,
,,,,,,,,,,,,,,,,,,,,,,
,,,,,,,,,,,,,,,,,,,,,,
,,,,,,,,,,,,,,,,,,,,,,
,,,,,,,,,,,,,,,,,,,,,,
,,,,,,,,,,,,,,,,,,,,,,
,,,,,,,,,,,,,,,,,,,,,,
,,,,,,,,,,,,,,,,,,,,,,
,,,,Weld County,,,,,,,,,,,,,,,,,,
,,,,,,,,,,,,,,,,,,,,,,
,,,,,,,,,,,,,,,,,,,,,,
,,,,Adams County,,,,,,,,,,,,,,,,,,
,,,,Jefferson County,,,,,,,,,,,,,,,,,,
,,,,Douglas County,,,,,,,,,,,,,,,,,,
,,,,,,,,,,,,,,,,,,,,,,
,,,,,,,,,,,,,,,,,,,,,,
,,,,,,,,,,,,,,,,,,,,,,
,,,,,,,,,,,,,,,,,,,,,,
,,,,,,,,,,,,,,,,,,,,,,
,,,,,,,,,,,,,,,,,,,,,,
,,,,,,,,,,,,,,,,,,,,,,
,,,,,,,,,,,,,,,,,,,,,,
,,,,,,,,,,,,,,,,,,,,,,
,,,,,,,,,,,,,,,,,,,,,,
,,,,,,,,,,,,,,,,,,,,,,
,,,,,,,,,,,,,,,,,,,,,,
,,,,,,,,,,,,,,,,,,,,,,
,,,,,,,,,,,,,,,,,,,,,,
,,,,,,,,,,,,,,,,,,,,,,
,,,,,,,,,,,,,,,,,,,,,,
,,,,,,,,,,,,,,,,,,,,,,
,,,,,,,,,,,,,,,,,,,,,,
,,,,,,,,,,,,,,,,,,,,,,
,,,,,,,,,,,,,,,,,,,,,,
,,,,Larimer County,,,,,,,,,,,,,,,,,,
,,,,,,,,,,,,,,,,,,,,,,
,,,,,,,,,,,,,,,,,,,,,,
,,,,,,,,,,,,,,,,,,,,,,
,,,,,,,,,,,,,,,,,,,,,,
,,,,,,,,,,,,,,,,,,,,,,
,,,,,,,,,,,,,,,,,,,,,,
,,,,,,,,,,,,,,,,,,,,,,
,,,,,,,,,,,,,,,,,,,,,,
,,,,,,,,,,,,,,,,,,,,,,
,,,,,,,,,,,,,,,,,,,,,,
,,,,,,,,,,,,,,,,,,,,,,
,,,,,,,,,,,,,,,,,,,,,,
,,,,,,,,,,,,,,,,,,,,,,
,,,,,,,,,,,,,,,,,,,,,,
,,,,,,,,,,,,,,,,,,,,,,
,,,,,,,,,,,,,,,,,,,,,,
,,,,,,,,,,,,,,,,,,,,,,
,,,,,,,,,,,,,,,,,,,,,,
,,,,,,,,,,,,,,,,,,,,,,
,,,,,,,,,,,,,,,,,,,,,,
,,,,Teller County,,,,,,,,,,,,,,,,,,
,,,,,,,,,,,,,,,,,,,,,,
,,,,,,,,,,,,,,,,,,,,,,
,,,,,,,,,,,,,,,,,,,,,,
,,,,,,,,,,,,,,,,,,,,,,
,,,,,,,,,,,,,,,,,,,,,,
,,,,,,,,,,,,,,,,,,,,,,
,,,,,,,,,,,,,,,,,,,,,,
,,,,,,,,,,,,,,,,,,,,,,
,,,,,,,,,,,,,,,,,,,,,,
,,,,,,,,,,,,,,,,,,,,,,
,,,,,,,,,,,,,,,,,,,,,,
,,,,,,,,,,,,,,,,,,,,,,
,,,,,,,,,,,,,,,,,,,,,,
,,,,,,,,,,,,,,,,,,,,,,
,,,,,,,,,,,,,,,,,,,,,,
,,,,,,,,,,,,,,,,,,,,,,
,,,,,,,,,,,,,,,,,,,,,,
,,,,,,,,,,,,,,,,,,,,,,
,,,,,,,,,,,,,,,,,,,,,,
,,,,,,,,,,,,,,,,,,,,,,
,,,,,,,,,,,,,,,,,,,,,,
,,,,,,,,,,,,,,,,,,,,,,
,,,,,,,,,,,,,,,,,,,,,,
,,,,,,,,,,,,,,,,,,,,,,
,,,,,,,,,,,,,,,,,,,,,,
,,,,,,,,,,,,,,,,,,,,,,
,,,,,,,,,,,,,,,,,,,,,,
,,,,,,,,,,,,,,,,,,,,,,
,,,,,,,,,,,,,,,,,,,,,,
,,,,,,,,,,,,,,,,,,,,,,
,,,,,,,,,,,,,,,,,,,,,,
,,,,,,,,,,,,,,,,,,,,,,
,,,,,,,,,,,,,,,,,,,,,,
,,,,,,,,,,,,,,,,,,,,,,
,,,,,,,,,,,,,,,,,,,,,,
,,,,,,,,,,,,,,,,,,,,,,
,,,,,,,,,,,,,,,,,,,,,,
,,,,,,,,,,,,,,,,,,,,,,
,,,,,,,,,,,,,,,,,,,,,,
,,,,,,,,,,,,,,,,,,,,,,
,,,,,,,,,,,,,,,,,,,,,,
,,,,,,,,,,,,,,,,,,,,,,
,,,,,,,,,,,,,,,,,,,,,,
,,,,,,,,,,,,,,,,,,,,,,
,,,,,,,,,,,,,,,,,,,,,,
,,,,,,,,,,,,,,,,,,,,,,
,,,,,,,,,,,,,,,,,,,,,,
,,,,,,,,,,,,,,,,,,,,,,
,,,,,,,,,,,,,,,,,,,,,,
,,,,,,,,,,,,,,,,,,,,,,
,,,,,,,,,,,,,,,,,,,,,,
,,,,,,,,,,,,,,,,,,,,,,
,,,,,,,,,,,,,,,,,,,,,,
,,,,,,,,,,,,,,,,,,,,,,
,,,,,,,,,,,,,,,,,,,,,,
,,,,,,,,,,,,,,,,,,,,,,
,,,,,,,,,,,,,,,,,,,,,,
,,,,,,,,,,,,,,,,,,,,,,
,,,,,,,,,,,,,,,,,,,,,,
,,,,,,,,,,,,,,,,,,,,,,
,,,,,,,,,,,,,,,,,,,,,,
,,,,,,,,,,,,,,,,,,,,,,
,,,,,,,,,,,,,,,,,,,,,,
,,,,,,,,,,,,,,,,,,,,,,
,,,,,,,,,,,,,,,,,,,,,,
,,,,,,,,,,,,,,,,,,,,,,
,,,,,,,,,,,,,,,,,,,,,,
,,,,,,,,,,,,,,,,,,,,,,
,,,,,,,,,,,,,,,,,,,,,,
,,,,,,,,,,,,,,,,,,,,,,
,,,,,,,,,,,,,,,,,,,,,,
,,,,,,,,,,,,,,,,,,,,,,
,,,,,,,,,,,,,,,,,,,,,,
,,,,,,,,,,,,,,,,,,,,,,
,,,,,,,,,,,,,,,,,,,,,,
,,,,,,,,,,,,,,,,,,,,,,
,,,,,,,,,,,,,,,,,,,,,,
,,,,,,,,,,,,,,,,,,,,,,
,,,,,,,,,,,,,,,,,,,,,,
,,,,,,,,,,,,,,,,,,,,,,
,,,,,,,,,,,,,,,,,,,,,,
,,,,,,,,,,,,,,,,,,,,,,
,,,,,,,,,,,,,,,,,,,,,,
,,,,,,,,,,,,,,,,,,,,,,
,,,,,,,,,,,,,,,,,,,,,,
,,,,,,,,,,,,,,,,,,,,,,
,,,,,,,,,,,,,,,,,,,,,,
,,,,,,,,,,,,,,,,,,,,,,
,,,,,,,,,,,,,,,,,,,,,,
,,,,,,,,,,,,,,,,,,,,,,
,,,,,,,,,,,,,,,,,,,,,,
,,,,,,,,,,,,,,,,,,,,,,
,,,,,,,,,,,,,,,,,,,,,,
,,,,,,,,,,,,,,,,,,,,,,
,,,,,,,,,,,,,,,,,,,,,,
,,,,,,,,,,,,,,,,,,,,,,
,,,,,,,,,,,,,,,,,,,,,,
,,,,,,,,,,,,,,,,,,,,,,
,,,,,,,,,,,,,,,,,,,,,,
,,,,,,,,,,,,,,,,,,,,,,
,,,,,,,,,,,,,,,,,,,,,,
,,,,,,,,,,,,,,,,,none,,,,,
,,,,,,,,,,,,,,,,,,,,,,
,,,,,,,,,,,,,,,,,,,,,,
,,,,,,,,,,,,,,,,,,,,,,
,,,,,,,,,,,,,,,,,,,,,,
,,,,,,,,,,,,,,,,,,,,,,
,,,,,,,,,,,,,,,,,,,,,,
,,,,,,,,,,,,,,,,,,,,,,
,,,,,,,,,,,,,,,,,,,,,,
,,,,,,,,,,,,,,,,,,,,,,